1,48.80121,2.29413,1
1,48.80218,2.29634,1
1,48.80222,2.29638,1
1,48.80225,2.29645,1
1,48.80238,2.29671,1
1,48.8024,2.29671,1
1,48.80241,2.29672,1
1,48.80242,2.29673,1
1,48.80243,2.29674,1
1,48.8026,2.29692,1
1,48.80365,2.29761,1
1,48.80406,2.29785,1
1,48.80438,2.29791,1
1,48.80505,2.29799,1
1,48.80627,2.29812,1
1,48.80679,2.29822,1
1,48.80697,2.29823,1
1,48.80702,2.29824,1
1,48.80705,2.29825,1
1,48.80709,2.29827,1
1,48.80716,2.29833,1
1,48.80717,2.29837,1
1,48.80717,2.29839,1
1,48.80718,2.29841,1
1,48.80718,2.29843,1
1,48.80719,2.29845,1
1,48.8072,2.29847,1
1,48.80722,2.29848,1
1,48.80724,2.29849,1
1,48.80726,2.2985,1
1,48.80731,2.29856,1
1,48.80738,2.29867,1
1,48.80746,2.29877,1
1,48.80803,2.2994,1
1,48.80867,2.30021,1
1,48.80921,2.30091,1
1,48.80931,2.30097,1
1,48.80947,2.30115,1
1,48.81004,2.30173,1
1,48.81074,2.30231,1
1,48.81087,2.30241,1
1,48.81105,2.30253,1
1,48.81116,2.30264,1
1,48.81135,2.30284,1
1,48.81155,2.3031,1
1,48.81159,2.30317,1
1,48.81162,2.30326,1
1,48.81177,2.30326,1
1,48.81193,2.3034,1
1,48.81303,2.30433,1
1,48.81334,2.3046,1
1,48.81372,2.30491,1
1,48.81446,2.30554,1
1,48.81504,2.30603,1
1,48.816,2.30684,1
1,48.81673,2.30747,1
1,48.81732,2.30793,1
1,48.81771,2.30824,1
1,48.81799,2.30845,1
1,48.8181,2.30851,1
1,48.81822,2.30866,1
1,48.81839,2.30886,1
1,48.81868,2.30921,1
1,48.81902,2.30966,1
1,48.81932,2.31005,1
1,48.81978,2.31061,1
1,48.81985,2.3107,1
1,48.81998,2.31085,1
1,48.82032,2.31132,1
1,48.82102,2.31225,1
1,48.82172,2.31317,1
1,48.82195,2.31349,1
1,48.82232,2.31407,1
1,48.82248,2.31425,1
1,48.82257,2.31439,1
1,48.82271,2.31472,1
1,48.82302,2.31545,1
1,48.8236,2.31678,1
1,48.82375,2.31711,1
1,48.82387,2.31748,1
1,48.82394,2.31772,1
1,48.82426,2.31843,1
1,48.82434,2.31862,1
1,48.82443,2.31884,1
1,48.82459,2.31923,1
1,48.82465,2.3194,1
1,48.82469,2.31954,1
1,48.82484,2.31984,1
1,48.82513,2.32048,1
1,48.82555,2.32146,1
1,48.82565,2.32166,1
1,48.82594,2.32234,1
1,48.82622,2.32296,1
1,48.8266,2.32383,1
1,48.82677,2.32422,1
1,48.82687,2.32443,1
1,48.82706,2.32489,1
1,48.82713,2.32506,1
1,48.82754,2.32598,1
1,48.82775,2.32641,1
1,48.82782,2.32654,1
1,48.82784,2.32657,1
1,48.82796,2.32655,1
1,48.828,2.32656,1
1,48.82802,2.32658,1
1,48.82804,2.3266,1
1,48.82806,2.32663,1
1,48.82811,2.32677,1
1,48.82827,2.32705,1
1,48.82836,2.32717,1
1,48.8284,2.32725,1
1,48.82883,2.32762,1
1,48.82924,2.32799,1
1,48.82965,2.32835,1
1,48.83014,2.32877,1
1,48.83078,2.32934,1
1,48.83123,2.32973,1
1,48.83144,2.32987,1
1,48.83186,2.33023,1
1,48.83229,2.3306,1
1,48.83326,2.3314,1
1,48.83372,2.33177,1
1,48.83375,2.33196,1
1,48.8337,2.33208,1
1,48.83391,2.33225,1
1,48.83409,2.33242,1
1,48.83423,2.33261,1
1,48.83437,2.33273,1
1,48.83448,2.3328,1
1,48.83455,2.33283,1
1,48.83463,2.33287,1
1,48.83497,2.33316,1
1,48.83542,2.33366,1
1,48.83597,2.3342,1
1,48.83673,2.33492,1
1,48.83742,2.33552,1
1,48.83759,2.33568,1
1,48.83767,2.33568,1
1,48.83838,2.33636,1
1,48.83849,2.33648,1
1,48.83855,2.33655,1
1,48.83875,2.33666,1
1,48.83901,2.3367,1
1,48.83925,2.33673,1
1,48.83932,2.33679,1
1,48.83957,2.33685,1
1,48.83973,2.33687,1
1,48.83996,2.3369,1
1,48.84008,2.33694,1
1,48.84074,2.33732,1
1,48.84089,2.3374,1
1,48.84097,2.3374,1
1,48.84123,2.33754,1
1,48.84171,2.33781,1
1,48.8425,2.33825,1
1,48.84391,2.33901,1
1,48.84524,2.33974,1
1,48.84624,2.34027,1
1,48.84642,2.34035,1
1,48.84654,2.34042,1
1,48.84658,2.34047,1
1,48.84661,2.3405,1
1,48.84668,2.34054,1
1,48.84673,2.34058,1
1,48.84692,2.34068,1
1,48.84718,2.34084,1
1,48.8472,2.34085,1
1,48.84722,2.34085,1
1,48.84724,2.34085,1
1,48.84728,2.34084,1
1,48.84742,2.34089,1
1,48.84752,2.34105,1
1,48.84754,2.34107,1
1,48.84755,2.34108,1
1,48.84758,2.3411,1
1,48.84775,2.34121,1
1,48.84817,2.34146,1
1,48.84837,2.34159,1
1,48.84867,2.34177,1
1,48.84887,2.3419,1
1,48.85027,2.34274,1
1,48.85038,2.34254,1
1,48.85062,2.34274,1
1,48.85086,2.34285,1
1,48.85108,2.34296,1
1,48.85139,2.34313,1
1,48.85183,2.34333,1
1,48.85183,2.34347,1
1,48.85278,2.3439,1
1,48.85334,2.34418,1
1,48.85341,2.34421,1
1,48.85371,2.34437,1
1,48.85379,2.34444,1
1,48.85429,2.34496,1
1,48.85435,2.34502,1
1,48.85494,2.34564,1
1,48.85515,2.34585,1
1,48.85528,2.34595,1
1,48.85586,2.34636,1
1,48.85622,2.34661,1
1,48.85635,2.34669,1
1,48.85675,2.34694,1
1,48.85708,2.34711,1
1,48.85712,2.34718,1
1,48.85715,2.34731,1
1,48.85721,2.34745,1
1,48.85728,2.34756,1
1,48.85731,2.34759,1
1,48.85748,2.34769,1
1,48.85774,2.34784,1
1,48.85846,2.34828,1
1,48.85856,2.34835,1
1,48.85876,2.34846,1
1,48.85953,2.34889,1
1,48.86055,2.34945,1
1,48.86062,2.34949,1
1,48.86118,2.34981,1
1,48.86196,2.35024,1
1,48.86245,2.35053,1
1,48.86336,2.351,1
1,48.86412,2.35142,1
1,48.8644,2.35158,1
1,48.86521,2.35202,1
1,48.8658,2.35238,1
1,48.86627,2.35264,1
1,48.86743,2.35328,1
1,48.86764,2.3534,1
1,48.86815,2.35367,1
1,48.86836,2.3538,1
1,48.86871,2.35398,1
1,48.86927,2.35429,1
1,48.86936,2.35434,1
1,48.86918,2.3551,1
1,48.86923,2.35517,1
1,48.8693,2.35535,1
1,48.86932,2.35557,1
1,48.86932,2.35567,1
1,48.86996,2.35604,1
1,48.87071,2.35649,1
1,48.87109,2.35672,1
1,48.8715,2.35696,1
1,48.87182,2.35716,1
1,48.87264,2.35763,1
1,48.87303,2.35785,1
1,48.87371,2.35823,1
1,48.87394,2.35832,1
1,48.87394,2.35847,1
1,48.8742,2.35863,1
1,48.87433,2.35871,1
1,48.87479,2.35901,1
1,48.87502,2.35925,1
1,48.87508,2.35933,1
1,48.87516,2.35945,1
1,48.87524,2.35958,1
1,48.87573,2.3604,1
1,48.87599,2.36062,1
1,48.87607,2.36069,1
1,48.87622,2.36077,1
1,48.87631,2.36082,1
1,48.87635,2.36082,1
1,48.87637,2.36082,1
1,48.8766,2.36094,1
1,48.8767,2.36101,1
1,48.87685,2.36095,1
1,48.87707,2.36108,1
1,48.87745,2.36131,1
1,48.87785,2.36155,1
1,48.87849,2.36193,1
1,48.87865,2.36205,1
1,48.8789,2.36225,1
1,48.879,2.36227,1
1,48.87919,2.36232,1
1,48.87924,2.36232,1
1,48.87938,2.36231,1
1,48.87997,2.36223,1
1,48.88019,2.3622,1
1,48.88032,2.36229,1
1,48.88044,2.36232,1
1,48.88065,2.36236,1
1,48.88181,2.36299,1
1,48.88187,2.36288,1
1,48.88194,2.36285,1
1,48.88217,2.36312,1
1,48.88225,2.36322,1
1,48.88233,2.36327,1
1,48.88239,2.3633,1
1,48.88265,2.36346,1
1,48.88299,2.36368,1
1,48.88362,2.36411,1
1,48.88423,2.36459,1
1,48.88431,2.36476,1
1,48.88451,2.36489,1
1,48.88451,2.36477,1
1,48.8849,2.36515,1
1,48.88523,2.36545,1
1,48.8856,2.36578,1
1,48.88605,2.36618,1
1,48.8865,2.36656,1
1,48.88669,2.36669,1
1,48.88687,2.36679,1
1,48.88735,2.36701,1
1,48.88768,2.36715,1
1,48.8883,2.36737,1
1,48.88858,2.36749,1
1,48.88929,2.36785,1
1,48.88974,2.3681,1
1,48.88983,2.36815,1
1,48.88993,2.3682,1
1,48.89008,2.36826,1
1,48.89055,2.36847,1
1,48.89206,2.36913,1
1,48.89291,2.3695,1
1,48.89413,2.37006,1
1,48.89431,2.3702,1
1,48.89445,2.37033,1
1,48.89451,2.37045,1
1,48.89458,2.37065,1
1,48.89466,2.3708,1
1,48.89505,2.37141,1
1,48.89526,2.37179,1
1,48.8953,2.37185,1
1,48.89556,2.37157,1
1,48.89578,2.37127,1
1,48.89593,2.37108,1
1,48.89611,2.37085,1
1,48.89634,2.37057,1
1,48.89638,2.37055,1
1,48.89643,2.37054,1
1,48.89654,2.37054,1
1,48.89668,2.37053,1
1,48.89708,2.37051,1
1,48.89774,2.37048,1
1,48.89796,2.37046,1
1,48.89831,2.37045,1
1,48.89861,2.37044,1
1,48.89863,2.37038,1
1,48.89865,2.37024,1
1,48.89872,2.37025,1
1,48.89907,2.37023,1
1,48.89971,2.37019,1
1,48.89988,2.37019,1
1,48.90042,2.37022,1
1,48.90047,2.37031,1
1,48.90061,2.37029,1
1,48.90067,2.37029,1
1,48.90077,2.37029,1
1,48.90087,2.3703,1
1,48.90104,2.37024,1
1,48.9012,2.37016,1
1,48.90138,2.37012,1
1,48.9015,2.37012,1
1,48.90161,2.37012,1
1,48.9017,2.37014,1
1,48.90182,2.37026,1
1,48.90189,2.37032,1
1,48.90214,2.3706,1
1,48.90235,2.37083,1
1,48.9032,2.37184,1
1,48.90358,2.37228,1
1,48.90437,2.37321,1
1,48.90598,2.37507,1
1,48.90636,2.37551,1
1,48.90687,2.37606,1
1,48.90724,2.37649,1
1,48.90745,2.37673,1
1,48.90758,2.37689,1
1,48.90794,2.37729,1
1,48.90822,2.37763,1
1,48.90841,2.37777,1
1,48.90877,2.37808,1
1,48.9092,2.37832,1
1,48.91002,2.37874,1
1,48.91074,2.37911,1
1,48.91165,2.37958,1
1,48.91244,2.37997,1
1,48.91294,2.38025,1
1,48.91363,2.38058,1
1,48.91444,2.38097,1
1,48.91467,2.38106,1
1,48.91503,2.38122,1
1,48.91523,2.3813,1
1,48.91629,2.38163,1
1,48.91789,2.38215,1
1,48.91949,2.38265,1
1,48.921,2.38312,1
1,48.92205,2.38345,1
1,48.92252,2.3836,1
1,48.92265,2.38367,1
1,48.92282,2.38378,1
1,48.9231,2.38394,1
1,48.92381,2.38417,1
1,48.92428,2.38432,1
1,48.92473,2.38446,1
1,48.92531,2.38464,1
1,48.92543,2.38466,1
1,48.92578,2.38465,1
1,48.92585,2.38466,1
1,48.92667,2.38492,1
1,48.92725,2.38511,1
1,48.92864,2.38555,1
1,48.92917,2.38573,1
1,48.92933,2.38577,1
1,48.92942,2.38578,1
1,48.92951,2.38578,1
1,48.92953,2.38581,1
1,48.92956,2.38586,1
1,48.92961,2.3859,1
1,48.92964,2.38592,1
1,48.92967,2.38593,1
1,48.9297,2.38593,1
1,48.92972,2.38592,1
1,48.92975,2.38591,1
1,48.92994,2.38596,1
1,48.93136,2.38639,1
1,48.93288,2.38686,1
1,48.93345,2.38702,1
1,48.93403,2.38717,1
1,48.93427,2.38725,1
1,48.93469,2.3875,1
1,48.93503,2.38778,1
1,48.93553,2.38823,1
1,48.93581,2.38848,1
1,48.93603,2.38863,1
1,48.93626,2.38875,1
1,48.9365,2.38884,1
1,48.93672,2.3889,1
1,48.93691,2.38893,1
1,48.93712,2.38895,1
1,48.93729,2.38894,1
1,48.93745,2.38889,1
1,48.93761,2.38883,1
1,48.93779,2.38874,1
1,48.93837,2.38834,1
1,48.93867,2.38821,1
1,48.94015,2.38793,1
1,48.94056,2.38786,1
1,48.94135,2.38771,1
1,48.94159,2.38767,1
1,48.94209,2.38757,1
1,48.94234,2.38751,1
1,48.94371,2.3871,1
1,48.94413,2.38701,1
1,48.94501,2.38686,1
1,48.94558,2.38678,1
1,48.94661,2.38665,1
1,48.9467,2.38663,1
1,48.94763,2.38647,1
1,48.94971,2.38611,1
1,48.94986,2.38634,1
1,48.95,2.38651,1
1,48.95038,2.38689,1
1,48.95127,2.38781,1
1,48.95271,2.38933,1
1,48.9527,2.38935,1
1,48.9527,2.38937,1
1,48.95269,2.38939,1
1,48.95269,2.38941,1
1,48.95269,2.38943,1
1,48.95269,2.38945,1
1,48.9527,2.38947,1
1,48.9527,2.38949,1
1,48.95271,2.3895,1
1,48.95271,2.38952,1
1,48.95272,2.38953,1
1,48.95273,2.38955,1
1,48.95274,2.38956,1
1,48.95276,2.38957,1
1,48.95294,2.39002,1
1,48.95332,2.39096,1
1,48.95358,2.39147,1
1,48.95385,2.39181,1
1,48.95434,2.39248,1
1,48.95445,2.39264,1
1,48.95464,2.39289,1
1,48.955,2.39339,1
1,48.9551,2.3936,1
1,48.95537,2.39398,1
1,48.95557,2.39425,1
1,48.95588,2.39463,1
1,48.95615,2.39494,1
1,48.95635,2.39518,1
1,48.95679,2.39564,1
1,48.95708,2.39594,1
1,48.95792,2.39689,1
1,48.95875,2.39789,1
1,48.95945,2.39872,1
1,48.95946,2.39883,1
1,48.9595,2.39902,1
1,48.95952,2.39905,1
1,48.95955,2.39907,1
1,48.95959,2.39907,1
1,48.95961,2.39906,1
1,48.95972,2.39903,1
1,48.95975,2.39906,1
1,48.95994,2.3993,1
1,48.96006,2.39944,1
1,48.96036,2.39982,1
1,48.96048,2.39999,1
1,48.96063,2.40026,1
1,48.96081,2.40054,1
1,48.9609,2.40075,1
1,48.96098,2.40087,1
1,48.96108,2.40096,1
1,48.96113,2.40097,1
1,48.96117,2.40098,1
1,48.96124,2.40103,1
1,48.96128,2.40107,1
1,48.96132,2.40113,1
1,48.96136,2.40122,1
1,48.96138,2.40126,1
1,48.96139,2.40132,1
1,48.96149,2.40146,1
1,48.9616,2.40156,1
1,48.96184,2.40175,1
1,48.96197,2.40185,1
1,48.96211,2.402,1
1,48.96251,2.4025,1
1,48.96263,2.40265,1
1,48.96275,2.40284,1
1,48.96292,2.40316,1
1,48.96312,2.4036,1
1,48.9633,2.40402,1
1,48.96344,2.4044,1
1,48.96371,2.40495,1
1,48.96391,2.40536,1
1,48.9643,2.40604,1
1,48.96464,2.40665,1
1,48.96539,2.40782,1
1,48.96575,2.40838,1
1,48.96606,2.40876,1
1,48.96638,2.40912,1
1,48.9666,2.40938,1
1,48.96697,2.40978,1
1,48.96769,2.4106,1
1,48.96876,2.4118,1
1,48.96908,2.41216,1
1,48.97038,2.41362,1
1,48.97116,2.41451,1
1,48.97169,2.41536,1
1,48.97255,2.41671,1
1,48.97284,2.41718,1
1,48.97335,2.41791,1
1,48.97347,2.4181,1
1,48.97353,2.41819,1
1,48.97368,2.41844,1
1,48.97438,2.41956,1
1,48.97489,2.42038,1
1,48.97539,2.42117,1
1,48.9762,2.42247,1
1,48.97639,2.42275,1
1,48.97652,2.42286,1
1,48.97654,2.42285,1
1,48.97656,2.42285,1
1,48.97659,2.42285,1
1,48.97663,2.42287,1
1,48.97665,2.42288,1
1,48.97667,2.4229,1
1,48.97669,2.42294,1
1,48.97672,2.42301,1
1,48.97673,2.42304,1
1,48.97673,2.42313,1
1,48.97673,2.42315,1
1,48.97672,2.4232,1
1,48.9768,2.42335,1
1,48.97712,2.4238,1
1,48.97676,2.42509,1
1,48.97706,2.42583,1
1,48.97724,2.42627,1
1,48.97744,2.42678,1
1,48.97757,2.42714,1
1,48.9777,2.4275,1
1,48.97832,2.42912,1
1,48.97842,2.42941,1
1,48.97885,2.43054,1
1,48.97889,2.43071,1
1,48.97892,2.43083,1
1,48.97897,2.43093,1
1,48.97903,2.43101,1
1,48.97909,2.43108,1
1,48.97918,2.43121,1
1,48.97952,2.43166,1
1,48.97957,2.43171,1
1,48.97964,2.43177,1
1,48.97974,2.43183,1
1,48.97982,2.43188,1
1,48.97992,2.432,1
1,48.98,2.43211,1
1,48.98011,2.4323,1
1,48.98014,2.43227,1
1,48.98023,2.43221,1
1,48.98032,2.43219,1
1,48.98039,2.43222,1
1,48.98045,2.4323,1
1,48.98049,2.43237,1
1,48.98054,2.43258,1
1,48.98058,2.43267,1
1,48.98063,2.43278,1
1,48.98066,2.43288,1
1,48.98068,2.43297,1
1,48.9807,2.43305,1
1,48.9807,2.43313,1
1,48.98073,2.43313,1
1,48.98082,2.43312,1
1,48.98112,2.43365,1
1,48.98117,2.43357,1
1,48.98154,2.43324,1
1,48.98165,2.43344,1
1,48.98186,2.43397,1
1,48.98204,2.43456,1
1,48.98223,2.4353,1
1,48.98233,2.43525,1
1,48.98239,2.43526,1
1,48.98245,2.43532,1
1,48.98251,2.43546,1
1,48.98253,2.43567,1
1,48.98251,2.43596,1
1,48.98248,2.43611,1
1,48.98278,2.4362,1
1,48.98332,2.43651,1
1,48.98337,2.43655,1
1,48.98418,2.43988,1
1,48.98431,2.44047,1
1,48.98442,2.44108,1
1,48.98444,2.44145,1
1,48.98454,2.44238,1
1,48.9846,2.44285,1
1,48.98463,2.44386,1
1,48.98463,2.44432,1
1,48.98465,2.44452,1
1,48.98473,2.44494,1
1,48.985,2.44586,1
1,48.98511,2.44615,1
1,48.98546,2.4467,1
1,48.98591,2.44743,1
1,48.98611,2.44805,1
1,48.98616,2.44819,1
1,48.98636,2.44888,1
1,48.98642,2.44926,1
1,48.98645,2.44956,1
1,48.98655,2.45045,1
1,48.98667,2.45155,1
1,48.98684,2.4515,1
1,48.98735,2.45139,1
1,48.98779,2.45124,1
1,48.98806,2.45115,1
1,48.98815,2.45115,1
1,48.98823,2.45117,1
1,48.98837,2.45127,1
1,48.9885,2.45139,1
1,48.98872,2.4516,1
1,48.98892,2.45174,1
1,48.9897,2.452,1
1,48.98971,2.45203,1
1,48.9899,2.45208,1
1,48.99006,2.45213,1
1,48.99035,2.45219,1
1,48.99055,2.45225,1
1,48.99065,2.45231,1
1,48.99077,2.45238,1
1,48.99086,2.45246,1
1,48.99168,2.45341,1
1,48.99191,2.45374,1
1,48.99237,2.45435,1
1,48.99262,2.45467,1
1,48.99267,2.45477,1
1,48.99269,2.45491,1
1,48.99275,2.45503,1
1,48.99282,2.45511,1
1,48.99292,2.45516,1
1,48.99307,2.45509,1
1,48.99445,2.45695,1
1,48.99505,2.45796,1
1,48.99542,2.45883,1
1,48.99588,2.46031,1
1,48.99619,2.4611,1
1,48.99656,2.46186,1
1,48.99685,2.46237,1
1,48.99723,2.46299,1
1,48.99775,2.46372,1
1,48.99793,2.46392,1
1,48.99813,2.46409,1
1,48.99846,2.46431,1
1,48.99893,2.46456,1
1,48.99924,2.46468,1
1,48.99967,2.46477,1
1,48.99999,2.46477,1
1,49.00019,2.46474,1
1,49.00141,2.46452,1
1,49.00158,2.4645,1
1,49.00204,2.46443,1
1,49.00256,2.46437,1
1,49.00556,2.46392,1
1,49.00596,2.4639,1
1,49.00642,2.46393,1
1,49.00648,2.46398,1
1,49.00689,2.46412,1
1,49.00724,2.46428,1
1,49.00761,2.46447,1
1,49.00791,2.46469,1
1,49.00808,2.46485,1
1,49.00814,2.46496,1
1,49.00814,2.465,1
1,49.00814,2.46504,1
1,49.00815,2.46508,1
1,49.00817,2.46511,1
1,49.00819,2.46515,1
1,49.00824,2.46519,1
1,49.00825,2.4652,1
1,49.00828,2.46522,1
1,49.00832,2.46523,1
1,49.00834,2.46523,1
1,49.00836,2.46523,1
1,49.00838,2.46523,1
1,49.0084,2.46521,1
1,49.00863,2.46537,1
1,49.00951,2.46656,1
1,49.01015,2.46734,1
1,49.01097,2.46844,1
1,49.01148,2.46911,1
1,49.01157,2.46918,1
1,49.01222,2.47002,1
1,49.0125,2.47033,1
1,49.01267,2.4705,1
1,49.01282,2.47067,1
1,49.01291,2.47066,1
1,49.01299,2.47069,1
1,49.01307,2.47075,1
1,49.01313,2.47084,1
1,49.01329,2.47086,1
1,49.01351,2.47088,1
1,49.01361,2.47089,1
1,49.01401,2.47087,1
1,49.0143,2.47082,1
1,49.01457,2.47072,1
1,49.01476,2.47066,1
1,49.01522,2.4703,1
1,49.01557,2.46996,1
1,49.01621,2.46928,1
1,49.01628,2.46927,1
1,49.01651,2.4692,1
1,49.01691,2.46908,1
1,49.01716,2.46905,1
1,49.01742,2.46908,1
1,49.01788,2.4693,1
1,49.01812,2.46942,1
1,49.01864,2.46964,1
1,49.0192,2.46985,1
1,49.01941,2.46992,1
1,49.01972,2.47007,1
1,49.01992,2.47019,1
1,49.02026,2.47044,1
1,49.02061,2.47086,1
1,49.02094,2.47135,1
1,49.02104,2.47136,1
1,49.02118,2.47125,1
1,49.02127,2.47107,1
1,49.02131,2.47099,1
1,49.0216,2.47127,1
1,49.02222,2.47165,1
1,49.02243,2.47177,1
1,49.0232,2.47213,1
1,49.02409,2.47237,1
1,49.02466,2.47254,1
1,49.02523,2.47272,1
1,49.02577,2.47289,1
1,49.02643,2.4731,1
1,49.02739,2.47338,1
1,49.02774,2.47347,1
1,49.02851,2.47368,1
1,49.02866,2.47367,1
1,49.03004,2.47418,1
1,49.0307,2.47458,1
1,49.03076,2.47462,1
1,49.03081,2.47468,1
1,49.03096,2.47495,1
1,49.03104,2.47513,1
1,49.03188,2.47639,1
1,49.03233,2.47706,1
1,49.03292,2.47801,1
1,49.03345,2.47903,1
1,49.03364,2.47938,1
1,49.03369,2.4795,1
1,49.03374,2.47966,1
1,49.03374,2.47976,1
1,49.03372,2.47993,1
1,49.03368,2.48013,1
1,49.03365,2.48019,1
1,49.03306,2.48133,1
1,49.0331,2.4814,1
1,49.03315,2.48147,1
1,49.0332,2.48155,1
1,49.03325,2.48162,1
1,49.0333,2.48169,1
1,49.03336,2.48177,1
1,49.03343,2.48186,1
1,49.03349,2.48194,1
1,49.03356,2.48203,1
1,49.03362,2.48212,1
1,49.03368,2.48221,1
1,49.03373,2.48229,1
1,49.03382,2.48243,1
1,49.03394,2.4826,1
1,49.03406,2.48277,1
1,49.03416,2.48291,1
1,49.03425,2.48302,1
1,49.03434,2.48313,1
1,49.03442,2.48323,1
1,49.0345,2.48333,1
1,49.03459,2.48343,1
1,49.03467,2.48355,1
1,49.03475,2.48367,1
1,49.03484,2.4838,1
1,49.03493,2.48394,1
1,49.03499,2.48403,1
1,49.03501,2.48406,1
1,49.03504,2.4841,1
1,49.03508,2.48417,1
1,49.03514,2.48426,1
1,49.0352,2.48435,1
1,49.03526,2.48446,1
1,49.03536,2.48464,1
1,49.03542,2.48478,1
1,49.03553,2.48501,1
1,49.03566,2.48529,1
1,49.03582,2.4856,1
1,49.03587,2.48581,1
1,49.03587,2.48595,1
1,49.03585,2.4861,1
1,49.03579,2.48634,1
1,49.03571,2.48649,1
1,49.0356,2.48662,1
1,49.03545,2.48676,1
1,49.03518,2.48703,1
1,49.0349,2.48732,1
1,49.03464,2.48761,1
1,49.03449,2.48775,1
1,49.03435,2.4878,1
1,49.03424,2.48782,1
1,49.03408,2.48777,1
1,49.0339,2.48769,1
1,49.03371,2.48769,1
1,49.03358,2.48777,1
1,49.03351,2.48796,1
1,49.03353,2.48805,1
1,49.0336,2.48824,1
1,49.03368,2.48839,1
1,49.03379,2.48857,1
1,49.03391,2.48876,1
1,49.03395,2.48883,1
1,49.03399,2.48891,1
1,49.03416,2.48922,1
1,49.03426,2.48938,1
1,49.03432,2.48948,1
1,49.03441,2.48958,1
1,49.03452,2.4898,1
1,49.0348,2.49035,1
1,49.03499,2.49064,1
1,49.0351,2.49079,1
1,49.03527,2.49103,1
1,49.03545,2.49129,1
1,49.03557,2.49148,1
1,49.03566,2.49161,1
1,49.03574,2.49178,1
1,49.0358,2.49188,1
1,49.03587,2.49199,1
1,49.03597,2.49214,1
1,49.03606,2.49228,1
1,49.03614,2.49241,1
1,49.03621,2.49253,1
1,49.03628,2.49266,1
1,49.03636,2.49283,1
1,49.03642,2.49296,1
1,49.03647,2.49308,1
1,49.03654,2.49326,1
1,49.03664,2.49354,1
1,49.03675,2.49392,1
1,49.03689,2.49425,1
1,49.03698,2.49441,1
1,49.03711,2.49467,1
1,49.03722,2.4949,1
1,49.03733,2.49514,1
1,49.03741,2.49531,1
1,49.03747,2.49545,1
1,49.03754,2.49563,1
1,49.03763,2.4959,1
1,49.03769,2.4961,1
1,49.03774,2.49627,1
1,49.03781,2.49656,1
1,49.03792,2.49711,1
1,49.03806,2.49785,1
1,49.03807,2.49803,1
1,49.03819,2.49878,1
1,49.03827,2.49936,1
1,49.03847,2.50081,1
1,49.03863,2.50174,1
1,49.03868,2.50202,1
1,49.03867,2.50203,1
1,49.03866,2.50205,1
1,49.03865,2.50207,1
1,49.03864,2.50209,1
1,49.03864,2.50211,1
1,49.03864,2.50213,1
1,49.03864,2.50215,1
1,49.03864,2.50217,1
1,49.03864,2.50219,1
1,49.03865,2.5022,1
1,49.03865,2.50222,1
1,49.03867,2.50224,1
1,49.03868,2.50225,1
1,49.03869,2.50226,1
1,49.0387,2.50227,1
1,49.03872,2.50227,1
1,49.03874,2.50227,1
1,49.03876,2.50226,1
1,49.03892,2.50278,1
1,49.03912,2.50329,1
1,49.03939,2.50399,1
1,49.03956,2.50445,1
1,49.03962,2.50455,1
1,49.03969,2.50464,1
1,49.03974,2.50473,1
1,49.03979,2.50483,1
1,49.03983,2.50492,1
1,49.03985,2.505,1
1,49.03985,2.50508,1
1,49.03983,2.50518,1
1,49.03954,2.50612,1
1,49.04006,2.5064,1
1,49.04071,2.50669,1
1,49.0412,2.50691,1
1,49.04178,2.50717,1
1,49.04229,2.50743,1
1,49.04283,2.50776,1
1,49.0436,2.50821,1
1,49.04404,2.50848,1
1,49.04468,2.50896,1
1,49.04509,2.5093,1
1,49.04546,2.5096,1
1,49.04551,2.50966,1
1,49.04558,2.50975,1
1,49.04558,2.50977,1
1,49.04558,2.50979,1
1,49.04558,2.50981,1
1,49.04558,2.50983,1
1,49.04559,2.50986,1
1,49.04561,2.50997,1
1,49.04565,2.51013,1
1,49.04569,2.51026,1
1,49.04578,2.51059,1
1,49.04583,2.51077,1
1,49.04588,2.51088,1
1,49.04597,2.51119,1
1,49.046,2.51122,1
1,49.04603,2.51126,1
1,49.04605,2.51132,1
1,49.04625,2.51141,1
1,49.04672,2.51152,1
1,49.04711,2.51163,1
1,49.04743,2.51169,1
1,49.04805,2.5119,1
1,49.04851,2.51211,1
1,49.04902,2.51239,1
1,49.04935,2.51259,1
1,49.04956,2.51273,1
1,49.05017,2.51319,1
1,49.05073,2.51364,1
1,49.05124,2.51404,1
1,49.05172,2.51438,1
1,49.05293,2.51533,1
1,49.05323,2.51564,1
1,49.05501,2.51703,1
1,49.0551,2.51713,1
1,49.0555,2.51743,1
1,49.05578,2.51766,1
1,49.05594,2.51784,1
1,49.05594,2.5179,1
1,49.05595,2.51797,1
1,49.05597,2.51802,1
1,49.056,2.51807,1
1,49.05603,2.51811,1
1,49.05606,2.51815,1
1,49.0561,2.51817,1
1,49.05614,2.51818,1
1,49.05618,2.51818,1
1,49.05622,2.51816,1
1,49.05629,2.51811,1
1,49.05659,2.51827,1
1,49.05727,2.51881,1
1,49.05776,2.5192,1
1,49.05813,2.51947,1
1,49.05904,2.52015,1
1,49.06052,2.5213,1
1,49.06065,2.52136,1
1,49.06083,2.52148,1
1,49.06119,2.52174,1
1,49.06204,2.52237,1
1,49.0621,2.52229,1
1,49.06213,2.52227,1
1,49.06217,2.52225,1
1,49.06222,2.52225,1
1,49.06228,2.52227,1
1,49.0623,2.52229,1
1,49.06233,2.52232,1
1,49.06237,2.52237,1
1,49.06239,2.52242,1
1,49.0624,2.52245,1
1,49.06241,2.52249,1
1,49.06249,2.52266,1
1,49.06264,2.52288,1
1,49.06271,2.52296,1
1,49.06292,2.52314,1
1,49.06326,2.5234,1
1,49.06392,2.52392,1
1,49.06513,2.52485,1
1,49.0657,2.52528,1
1,49.06612,2.52559,1
1,49.06624,2.52569,1
1,49.0663,2.52578,1
1,49.06812,2.5272,1
1,49.06857,2.52755,1
1,49.06898,2.52785,1
1,49.06918,2.52797,1
1,49.06946,2.52812,1
1,49.06967,2.52821,1
1,49.06989,2.52829,1
1,49.07009,2.52836,1
1,49.07031,2.52841,1
1,49.07054,2.52845,1
1,49.07103,2.52851,1
1,49.07238,2.52863,1
1,49.07425,2.52883,1
1,49.0744,2.52881,1
1,49.07452,2.52881,1
1,49.07704,2.52908,1
1,49.07808,2.52918,1
1,49.07845,2.52921,1
1,49.0803,2.52939,1
1,49.08173,2.52954,1
1,49.08223,2.52963,1
1,49.08364,2.52977,1
1,49.08474,2.52986,1
1,49.0858,2.52995,1
1,49.0869,2.53006,1
1,49.08857,2.53022,1
1,49.09006,2.53036,1
1,49.09084,2.53043,1
1,49.0915,2.53048,1
1,49.0916,2.5305,1
1,49.09165,2.5305,1
1,49.09193,2.53054,1
1,49.09495,2.53081,1
1,49.09584,2.5309,1
1,49.09742,2.53108,1
1,49.09802,2.53119,1
1,49.09887,2.53128,1
1,49.09912,2.53131,1
1,49.09924,2.53135,1
1,49.09928,2.53146,1
1,49.09935,2.53156,1
1,49.09946,2.5316,1
1,49.09956,2.53155,1
1,49.09963,2.53145,1
1,49.09973,2.5314,1
1,49.09986,2.53138,1
1,49.10043,2.53144,1
1,49.1014,2.5315,1
1,49.10169,2.5315,1
1,49.10192,2.53148,1
1,49.10485,2.53172,1
1,49.10607,2.53182,1
1,49.10728,2.53191,1
1,49.10846,2.532,1
1,49.11121,2.53222,1
1,49.11233,2.53232,1
1,49.11404,2.53248,1
1,49.11635,2.53268,1
1,49.11873,2.5329,1
1,49.11882,2.5329,1
1,49.11948,2.533,1
1,49.12002,2.53304,1
1,49.12045,2.53305,1
1,49.12158,2.53316,1
1,49.12175,2.53318,1
1,49.12187,2.5332,1
1,49.12223,2.53323,1
1,49.1228,2.53325,1
1,49.12301,2.53325,1
1,49.12331,2.53329,1
1,49.12478,2.53344,1
1,49.12638,2.53357,1
1,49.12664,2.5336,1
1,49.12714,2.53363,1
1,49.12749,2.53367,1
1,49.12868,2.53374,1
1,49.12911,2.53377,1
1,49.12917,2.53375,1
1,49.12971,2.53377,1
1,49.13099,2.53389,1
1,49.13118,2.53395,1
1,49.13293,2.5341,1
1,49.13343,2.53416,1
1,49.13364,2.53421,1
1,49.13394,2.53432,1
1,49.13424,2.53447,1
1,49.13464,2.53472,1
1,49.13624,2.53584,1
1,49.13957,2.53815,1
1,49.14147,2.53948,1
1,49.14279,2.54037,1
1,49.14369,2.54099,1
1,49.1456,2.54228,1
1,49.1458,2.54242,1
1,49.14589,2.54249,1
1,49.14627,2.54281,1
1,49.14894,2.54523,1
1,49.15075,2.54689,1
1,49.15184,2.5478,1
1,49.15234,2.5482,1
1,49.15256,2.54838,1
1,49.15319,2.54888,1
1,49.15345,2.54908,1
1,49.15382,2.54937,1
1,49.15423,2.54976,1
1,49.1545,2.55,1
1,49.15471,2.55017,1
1,49.15508,2.55041,1
1,49.15534,2.55058,1
1,49.15549,2.55067,1
1,49.15596,2.55091,1
1,49.15655,2.55115,1
1,49.15716,2.5514,1
1,49.15826,2.55182,1
1,49.15839,2.55192,1
1,49.15954,2.55238,1
1,49.15996,2.55256,1
1,49.16029,2.55274,1
1,49.16055,2.55288,1
1,49.16087,2.55306,1
1,49.16134,2.55338,1
1,49.16506,2.55595,1
1,49.16854,2.55835,1
1,49.16906,2.55869,1
1,49.17062,2.55978,1
1,49.1707,2.55984,1
1,49.17104,2.56003,1
1,49.17183,2.56056,1
1,49.1725,2.56103,1
1,49.17317,2.56155,1
1,49.17418,2.56229,1
1,49.17549,2.56317,1
1,49.17766,2.56467,1
1,49.17912,2.56568,1
1,49.18115,2.56707,1
1,49.18274,2.56816,1
1,49.18365,2.56878,1
1,49.18444,2.56931,1
1,49.18537,2.56994,1
1,49.18756,2.57143,1
1,49.18837,2.57199,1
1,49.18967,2.57291,1
1,49.19017,2.57326,1
1,49.19027,2.57328,1
1,49.19097,2.57377,1
1,49.19107,2.57381,1
1,49.19122,2.57381,1
1,49.19128,2.57378,1
1,49.19135,2.57377,1
1,49.19145,2.57381,1
1,49.1915,2.57385,1
1,49.19155,2.57392,1
1,49.19159,2.57403,1
1,49.1916,2.57408,1
1,49.19161,2.57415,1
1,49.19169,2.57426,1
1,49.19194,2.57452,1
1,49.19342,2.57562,1
1,49.19444,2.57634,1
1,49.19451,2.5764,1
1,49.19491,2.57669,1
1,49.19532,2.57701,1
1,49.19542,2.57708,1
1,49.19552,2.57713,1
1,49.19576,2.57727,1
1,49.19622,2.57753,1
1,49.19638,2.57764,1
1,49.19695,2.57798,1
1,49.19836,2.57891,1
1,49.19922,2.5795,1
1,49.19978,2.57991,1
1,49.20038,2.58036,1
1,49.20055,2.58049,1
1,49.20066,2.58064,1
1,49.20072,2.58065,1
1,49.20081,2.58068,1
1,49.20092,2.58075,1
1,49.20138,2.58103,1
1,49.20209,2.58143,1
1,49.20281,2.582,1
1,49.20289,2.58189,1
1,49.20295,2.58173,1
1,49.20299,2.58142,1
1,49.20302,2.58132,1
1,49.20313,2.58111,1
1,49.20371,2.58044,1
1,49.20484,2.57954,1
1,49.20514,2.57928,1
1,49.20562,2.57881,1
1,49.20627,2.57841,1
1,49.20637,2.57836,1
1,49.20643,2.57834,1
1,49.20643,2.57836,1
1,49.20644,2.57838,1
1,49.20645,2.57839,1
1,49.20646,2.5784,1
1,49.20647,2.57841,1
1,49.20648,2.57842,1
1,49.2065,2.57842,1
1,49.20651,2.57841,1
1,49.20652,2.5784,1
1,49.20653,2.57839,1
1,49.20654,2.57838,1
1,49.20655,2.57837,1
1,49.20655,2.57835,1
1,49.20664,2.57836,1
1,49.20723,2.57865,1
1,49.20775,2.57902,1
1,49.20785,2.57903,1
1,49.2087,2.57898,1
1,49.20903,2.57919,1
1,49.20939,2.57944,1
1,49.20952,2.57954,1
1,49.20963,2.57967,1
1,49.20988,2.5802,1
1,49.21078,2.58163,1
1,49.21107,2.58124,1
1,49.21125,2.58093,1
1,49.21139,2.58063,1
1,49.21159,2.58023,1
1,49.21168,2.58011,1
1,49.21189,2.57994,1
1,49.21248,2.57958,1
1,49.21307,2.57927,1
1,49.21332,2.57904,1
1,49.21366,2.57878,1
1,49.21412,2.57847,1
1,49.21439,2.57838,1
1,49.21473,2.57836,1
1,49.21496,2.57832,1
1,49.2155,2.57803,1
1,49.21623,2.57763,1
1,49.21658,2.57751,1
1,49.21685,2.57749,1
1,49.21728,2.57757,1
1,49.21804,2.57773,1
1,49.21888,2.57802,1
1,49.21907,2.57806,1
1,49.21922,2.57806,1
1,49.2195,2.57799,1
1,49.22036,2.57752,1
1,49.2218,2.57668,1
1,49.22263,2.57628,1
1,49.22346,2.57579,1
1,49.22365,2.57567,1
1,49.22379,2.57559,1
1,49.22406,2.57543,1
1,49.22446,2.57524,1
1,49.22515,2.57491,1
1,49.22615,2.57444,1
1,49.22651,2.57406,1
1,49.22688,2.57372,1
1,49.22724,2.57374,1
1,49.2277,2.57385,1
1,49.22805,2.5741,1
1,49.22856,2.5745,1
1,49.22921,2.57482,1
1,49.22952,2.57493,1
1,49.22995,2.5749,1
1,49.2303,2.57498,1
1,49.23064,2.57515,1
1,49.23093,2.57518,1
1,49.2314,2.57496,1
1,49.23187,2.57475,1
1,49.23236,2.57449,1
1,49.23315,2.5739,1
1,49.23377,2.57352,1
1,49.23417,2.57331,1
1,49.2345,2.57315,1
1,49.23506,2.57302,1
1,49.23563,2.57276,1
1,49.23606,2.57247,1
1,49.23718,2.57364,1
1,49.23941,2.57594,1
1,49.24185,2.57838,1
1,49.24205,2.57858,1
1,49.24317,2.57971,1
1,49.24546,2.58201,1
1,49.24703,2.58368,1
1,49.24822,2.5849,1
1,49.249,2.58573,1
1,49.24926,2.58554,1
1,49.24953,2.58535,1
1,49.24978,2.58524,1
1,49.25026,2.58514,1
1,49.25083,2.58506,1
1,49.25132,2.58502,1
1,49.25178,2.58504,1
1,49.25247,2.58515,1
1,49.25314,2.58538,1
1,49.25393,2.58562,1
1,49.25422,2.58573,1
1,49.25455,2.58573,1
1,49.25499,2.58567,1
1,49.25551,2.5855,1
1,49.25587,2.58538,1
1,49.256,2.58535,1
1,49.25602,2.58536,1
1,49.25604,2.58537,1
1,49.25606,2.58538,1
1,49.25648,2.58518,1
1,49.25703,2.58493,1
1,49.2572,2.58486,1
1,49.25736,2.5848,1
1,49.25781,2.58463,1
1,49.25818,2.58449,1
1,49.25872,2.58425,1
1,49.259,2.5841,1
1,49.25938,2.58387,1
1,49.25969,2.58378,1
1,49.26035,2.58367,1
1,49.26076,2.5836,1
1,49.26111,2.58355,1
1,49.26135,2.58351,1
1,49.26163,2.5835,1
1,49.26202,2.5835,1
1,49.26229,2.5835,1
1,49.26277,2.5835,1
1,49.26292,2.58349,1
1,49.26303,2.5835,1
1,49.26318,2.5835,1
1,49.26327,2.58352,1
1,49.26334,2.58354,1
1,49.26346,2.58358,1
1,49.26366,2.5837,1
1,49.26421,2.58414,1
1,49.26506,2.58488,1
1,49.26661,2.58611,1
1,49.26913,2.58816,1
1,49.27053,2.5893,1
1,49.27145,2.59003,1
1,49.27263,2.59099,1
1,49.27323,2.59148,1
1,49.2734,2.59161,1
1,49.27422,2.59227,1
1,49.2747,2.59265,1
1,49.27715,2.59464,1
1,49.28063,2.59744,1
1,49.28154,2.59818,1
1,49.2819,2.59847,1
1,49.28269,2.59905,1
1,49.28283,2.59916,1
1,49.28293,2.59924,1
1,49.28357,2.59979,1
1,49.284,2.60014,1
1,49.28468,2.60072,1
1,49.28522,2.60115,1
1,49.28774,2.6032,1
1,49.28825,2.60359,1
1,49.28927,2.60434,1
1,49.28966,2.60455,1
1,49.2901,2.60472,1
1,49.29055,2.60483,1
1,49.29088,2.60487,1
1,49.29122,2.60488,1
1,49.29177,2.60485,1
1,49.29254,2.60483,1
1,49.29304,2.6048,1
1,49.2935,2.60479,1
1,49.29437,2.60476,1
1,49.29484,2.60473,1
1,49.29587,2.60469,1
1,49.29721,2.60463,1
1,49.29755,2.60461,1
1,49.29795,2.60459,1
1,49.29817,2.60457,1
1,49.29839,2.60456,1
1,49.29929,2.60453,1
1,49.2995,2.60452,1
1,49.30016,2.6045,1
1,49.30049,2.60448,1
1,49.30076,2.60448,1
1,49.30087,2.60448,1
1,49.30137,2.60446,1
1,49.30168,2.60444,1
1,49.30179,2.60444,1
1,49.30195,2.60441,1
1,49.30203,2.60442,1
1,49.30225,2.60442,1
1,49.30233,2.60441,1
1,49.30233,2.60439,1
1,49.30233,2.60437,1
1,49.30234,2.60436,1
1,49.30234,2.60434,1
1,49.30235,2.60433,1
1,49.30236,2.60431,1
1,49.30237,2.6043,1
1,49.30239,2.60429,1
1,49.3024,2.60428,1
1,49.30242,2.60428,1
1,49.30244,2.60429,1
1,49.30246,2.60429,1
1,49.30248,2.60431,1
1,49.30249,2.60433,1
1,49.3025,2.60434,1
1,49.30251,2.60435,1
1,49.30251,2.60437,1
1,49.30271,2.60437,1
1,49.3032,2.60436,1
1,49.30338,2.60436,1
1,49.30464,2.6043,1
1,49.30533,2.60428,1
1,49.30544,2.60427,1
1,49.30569,2.60426,1
1,49.30614,2.60425,1
1,49.30661,2.60425,1
1,49.30688,2.60425,1
1,49.30716,2.60423,1
1,49.30734,2.60422,1
1,49.30751,2.60422,1
1,49.30759,2.60424,1
1,49.30779,2.60434,1
1,49.30798,2.6045,1
1,49.30815,2.60471,1
1,49.30822,2.60476,1
1,49.30861,2.60525,1
1,49.30886,2.60549,1
1,49.309,2.60561,1
1,49.30912,2.60569,1
1,49.30924,2.60575,1
1,49.30938,2.60581,1
1,49.30952,2.60587,1
1,49.30969,2.60592,1
1,49.30989,2.60596,1
1,49.31013,2.60597,1
1,49.31027,2.60596,1
1,49.31045,2.60594,1
1,49.31076,2.60586,1
1,49.31103,2.60574,1
1,49.31134,2.60555,1
1,49.31204,2.6051,1
1,49.31278,2.60469,1
1,49.31336,2.60433,1
1,49.31356,2.60421,1
1,49.31394,2.60401,1
1,49.31415,2.60394,1
1,49.31431,2.60391,1
1,49.31443,2.60387,1
1,49.3155,2.60381,1
1,49.31606,2.6038,1
1,49.31649,2.60391,1
1,49.31665,2.60409,1
1,49.317,2.60439,1
1,49.31741,2.60443,1
1,49.31769,2.60455,1
1,49.31772,2.60464,1
1,49.31781,2.60472,1
1,49.31787,2.60474,1
1,49.31797,2.60471,1
1,49.31803,2.60463,1
1,49.31807,2.60453,1
1,49.31825,2.60444,1
1,49.31877,2.60431,1
1,49.31913,2.60389,1
1,49.31939,2.60368,1
1,49.31959,2.60366,1
1,49.3233,2.60351,1
1,49.32344,2.60346,1
1,49.32351,2.60344,1
1,49.32365,2.60333,1
1,49.32381,2.6031,1
1,49.32386,2.60299,1
1,49.3239,2.60293,1
1,49.32396,2.60284,1
1,49.3241,2.60274,1
1,49.32425,2.60272,1
1,49.3244,2.60276,1
1,49.32453,2.60288,1
1,49.32456,2.60294,1
1,49.32458,2.60298,1
1,49.32461,2.60305,1
1,49.32476,2.60317,1
1,49.32493,2.6033,1
1,49.32502,2.60333,1
1,49.32515,2.60336,1
1,49.32593,2.60335,1
1,49.3261,2.60337,1
1,49.32698,2.60333,1
1,49.32768,2.60331,1
1,49.32869,2.60327,1
1,49.33113,2.60316,1
1,49.33136,2.60315,1
1,49.33176,2.60313,1
1,49.33244,2.60318,1
1,49.33283,2.60325,1
1,49.33316,2.60334,1
1,49.33531,2.60404,1
1,49.33654,2.60444,1
1,49.33829,2.60503,1
1,49.3395,2.60542,1
1,49.34048,2.60575,1
1,49.34104,2.60594,1
1,49.34141,2.60604,1
1,49.34185,2.60618,1
1,49.34321,2.60666,1
1,49.34569,2.60748,1
1,49.34679,2.60785,1
1,49.34703,2.60792,1
1,49.3477,2.60814,1
1,49.35208,2.60958,1
1,49.35557,2.61072,1
1,49.35682,2.61114,1
1,49.35937,2.61196,1
1,49.36111,2.61253,1
1,49.36283,2.61308,1
1,49.36517,2.61385,1
1,49.36934,2.61522,1
1,49.37288,2.61639,1
1,49.37641,2.61755,1
1,49.37955,2.61856,1
1,49.38031,2.61882,1
1,49.38193,2.61936,1
1,49.38259,2.61958,1
1,49.38405,2.62005,1
1,49.38512,2.62039,1
1,49.38566,2.62057,1
1,49.38636,2.6208,1
1,49.38829,2.62144,1
1,49.39027,2.62208,1
1,49.39134,2.62241,1
1,49.39741,2.62438,1
1,49.39949,2.62506,1
1,49.40119,2.62562,1
1,49.40195,2.6259,1
1,49.40267,2.62614,1
1,49.40289,2.6262,1
1,49.40301,2.62618,1
1,49.40322,2.6262,1
1,49.40338,2.62619,1
1,49.4034,2.62614,1
1,49.40342,2.62611,1
1,49.40345,2.62608,1
1,49.40352,2.62603,1
1,49.40359,2.626,1
1,49.40367,2.62601,1
1,49.40377,2.62608,1
1,49.4038,2.62613,1
1,49.40383,2.62617,1
1,49.40385,2.62622,1
1,49.40395,2.62631,1
1,49.40408,2.62644,1
1,49.40426,2.62654,1
1,49.40477,2.62671,1
1,49.40515,2.62682,1
1,49.40585,2.62703,1
1,49.40634,2.62711,1
1,49.40714,2.62723,1
1,49.40742,2.62735,1
1,49.40846,2.62793,1
1,49.411,2.62934,1
1,49.41272,2.63029,1
1,49.41383,2.63092,1
1,49.41501,2.63158,1
1,49.41657,2.63245,1
1,49.41902,2.63382,1
1,49.42055,2.63467,1
1,49.42182,2.63538,1
1,49.42307,2.63608,1
1,49.42334,2.63624,1
1,49.42416,2.63669,1
1,49.42507,2.63719,1
1,49.42652,2.63801,1
1,49.42725,2.63841,1
1,49.42746,2.63853,1
1,49.42907,2.63943,1
1,49.43053,2.64026,1
1,49.43088,2.64047,1
1,49.43332,2.6418,1
1,49.4344,2.6424,1
1,49.43551,2.64302,1
1,49.43619,2.6434,1
1,49.43657,2.64361,1
1,49.43731,2.64403,1
1,49.43798,2.64441,1
1,49.43857,2.64473,1
1,49.43923,2.6451,1
1,49.44051,2.64581,1
1,49.44126,2.64624,1
1,49.44267,2.64702,1
1,49.44352,2.6475,1
1,49.44365,2.64757,1
1,49.4457,2.64872,1
1,49.44731,2.64962,1
1,49.44852,2.6503,1
1,49.45004,2.65115,1
1,49.45155,2.652,1
1,49.45249,2.65253,1
1,49.45368,2.65319,1
1,49.45457,2.65369,1
1,49.45631,2.65466,1
1,49.45865,2.65596,1
1,49.46108,2.65733,1
1,49.46394,2.65893,1
1,49.46517,2.65962,1
1,49.46544,2.65977,1
1,49.46674,2.66049,1
1,49.46866,2.66156,1
1,49.47,2.6623,1
1,49.47129,2.66302,1
1,49.47227,2.66356,1
1,49.47239,2.66367,1
1,49.47332,2.66421,1
1,49.4742,2.66469,1
1,49.47474,2.66499,1
1,49.47602,2.66569,1
1,49.47635,2.66586,1
1,49.47713,2.66626,1
1,49.47837,2.66695,1
1,49.47998,2.66784,1
1,49.48105,2.66844,1
1,49.48167,2.66873,1
1,49.48207,2.66888,1
1,49.48211,2.66898,1
1,49.48226,2.66912,1
1,49.48297,2.66952,1
1,49.48364,2.6699,1
1,49.48487,2.67057,1
1,49.48611,2.67127,1
1,49.4873,2.67194,1
1,49.48783,2.67223,1
1,49.48855,2.67263,1
1,49.48883,2.67278,1
1,49.489,2.67286,1
1,49.48934,2.67305,1
1,49.48947,2.67313,1
1,49.48991,2.67346,1
1,49.49003,2.67355,1
1,49.49016,2.6736,1
1,49.49041,2.6736,1
1,49.49072,2.67362,1
1,49.49099,2.67376,1
1,49.49116,2.67389,1
1,49.49152,2.6742,1
1,49.49201,2.67469,1
1,49.49216,2.6749,1
1,49.49239,2.67527,1
1,49.49256,2.6754,1
1,49.49273,2.67549,1
1,49.49281,2.67549,1
1,49.49316,2.67548,1
1,49.49335,2.6755,1
1,49.49363,2.67567,1
1,49.49365,2.67568,1
1,49.49423,2.67601,1
1,49.49519,2.67658,1
1,49.4961,2.67713,1
1,49.49677,2.67752,1
1,49.49783,2.67815,1
1,49.49883,2.67872,1
1,49.49992,2.67936,1
1,49.50055,2.67975,1
1,49.50075,2.67989,1
1,49.50092,2.67988,1
1,49.50129,2.68014,1
1,49.50278,2.68104,1
1,49.50469,2.68218,1
1,49.50598,2.68294,1
1,49.50862,2.68452,1
1,49.51075,2.68577,1
1,49.51079,2.68582,1
1,49.51366,2.68745,1
1,49.51379,2.6875,1
1,49.51599,2.68879,1
1,49.51851,2.69027,1
1,49.51918,2.69067,1
1,49.52063,2.69153,1
1,49.52104,2.69178,1
1,49.52234,2.69254,1
1,49.5233,2.6931,1
1,49.52477,2.69397,1
1,49.52663,2.69506,1
1,49.52759,2.69563,1
1,49.52841,2.69612,1
1,49.52847,2.69615,1
1,49.52862,2.69624,1
1,49.52948,2.69675,1
1,49.5296,2.69682,1
1,49.53005,2.69709,1
1,49.53025,2.6972,1
1,49.53188,2.69808,1
1,49.53215,2.69822,1
1,49.53339,2.69889,1
1,49.53439,2.69943,1
1,49.53483,2.69969,1
1,49.53765,2.70117,1
1,49.53867,2.70171,1
1,49.53917,2.70199,1
1,49.53998,2.7024,1
1,49.54202,2.70347,1
1,49.5421,2.70348,1
1,49.54259,2.70372,1
1,49.54326,2.70404,1
1,49.54357,2.70416,1
1,49.54373,2.70418,1
1,49.54389,2.70412,1
1,49.54392,2.70406,1
1,49.54395,2.70402,1
1,49.54399,2.70399,1
1,49.54404,2.70397,1
1,49.54407,2.70397,1
1,49.5441,2.70398,1
1,49.54414,2.704,1
1,49.54419,2.70405,1
1,49.54421,2.70408,1
1,49.54422,2.70412,1
1,49.5444,2.70419,1
1,49.54462,2.70417,1
1,49.54497,2.70409,1
1,49.54552,2.70386,1
1,49.54671,2.70327,1
1,49.54771,2.70279,1
1,49.54901,2.70218,1
1,49.5513,2.70106,1
1,49.55201,2.70074,1
1,49.55237,2.70065,1
1,49.55264,2.70063,1
1,49.5531,2.70068,1
1,49.55458,2.70095,1
1,49.55506,2.7009,1
1,49.55526,2.70082,1
1,49.55559,2.70064,1
1,49.5566,2.70007,1
1,49.55835,2.69908,1
1,49.55993,2.6982,1
1,49.56029,2.69804,1
1,49.56068,2.69794,1
1,49.56103,2.69792,1
1,49.56126,2.69794,1
1,49.56286,2.69821,1
1,49.56499,2.69857,1
1,49.56553,2.69877,1
1,49.56798,2.7003,1
1,49.56942,2.7012,1
1,49.57022,2.70161,1
1,49.57163,2.70217,1
1,49.57233,2.70247,1
1,49.57264,2.70265,1
1,49.57292,2.70287,1
1,49.57323,2.70318,1
1,49.5734,2.70339,1
1,49.57386,2.70399,1
1,49.57423,2.70447,1
1,49.57469,2.70496,1
1,49.57513,2.70534,1
1,49.5755,2.70565,1
1,49.57572,2.70593,1
1,49.57605,2.70644,1
1,49.57643,2.707,1
1,49.57668,2.70725,1
1,49.57709,2.70757,1
1,49.57774,2.70799,1
1,49.57873,2.70859,1
1,49.57951,2.70915,1
1,49.57974,2.70926,1
1,49.57992,2.70932,1
1,49.58062,2.70955,1
1,49.58105,2.70979,1
1,49.58148,2.71008,1
1,49.58235,2.71072,1
1,49.5838,2.71177,1
1,49.58754,2.71446,1
1,49.58856,2.7152,1
1,49.58973,2.71613,1
1,49.59064,2.71687,1
1,49.59137,2.71746,1
1,49.59166,2.71768,1
1,49.59193,2.71785,1
1,49.59271,2.71827,1
1,49.59322,2.71847,1
1,49.59374,2.71863,1
1,49.59604,2.71911,1
1,49.59776,2.71943,1
1,49.59908,2.71968,1
1,49.60019,2.7199,1
1,49.60195,2.72024,1
1,49.60266,2.72039,1
1,49.6028,2.72041,1
1,49.60395,2.72063,1
1,49.60504,2.72084,1
1,49.6073,2.72126,1
1,49.60984,2.72178,1
1,49.61355,2.72249,1
1,49.6156,2.72291,1
1,49.61644,2.72314,1
1,49.61699,2.72338,1
1,49.61756,2.72367,1
1,49.61825,2.72411,1
1,49.61865,2.72443,1
1,49.61925,2.72495,1
1,49.61956,2.72527,1
1,49.61982,2.72556,1
1,49.6201,2.72588,1
1,49.62037,2.72619,1
1,49.62064,2.7265,1
1,49.62086,2.72676,1
1,49.62115,2.7271,1
1,49.62135,2.72733,1
1,49.62174,2.72778,1
1,49.62206,2.72814,1
1,49.62224,2.72836,1
1,49.62246,2.72862,1
1,49.62268,2.72885,1
1,49.62292,2.72914,1
1,49.6232,2.72947,1
1,49.62349,2.7298,1
1,49.62373,2.73007,1
1,49.62397,2.73035,1
1,49.62425,2.73066,1
1,49.62451,2.73096,1
1,49.62488,2.73138,1
1,49.62516,2.73172,1
1,49.62547,2.73208,1
1,49.62578,2.73245,1
1,49.6261,2.7328,1
1,49.62632,2.73306,1
1,49.62728,2.73418,1
1,49.62754,2.73448,1
1,49.62781,2.73479,1
1,49.62834,2.73539,1
1,49.62861,2.73571,1
1,49.62884,2.73598,1
1,49.62903,2.7362,1
1,49.62923,2.73643,1
1,49.62942,2.73665,1
1,49.62962,2.73688,1
1,49.62979,2.73707,1
1,49.63004,2.73737,1
1,49.63184,2.73944,1
1,49.63266,2.74038,1
1,49.63302,2.74071,1
1,49.63335,2.741,1
1,49.63372,2.74131,1
1,49.63404,2.74159,1
1,49.63428,2.7418,1
1,49.63459,2.74209,1
1,49.63494,2.74242,1
1,49.63525,2.74272,1
1,49.63561,2.74308,1
1,49.63611,2.74355,1
1,49.63638,2.74381,1
1,49.63669,2.74412,1
1,49.637,2.7444,1
1,49.63723,2.74463,1
1,49.63747,2.74487,1
1,49.63767,2.74507,1
1,49.63785,2.74528,1
1,49.63803,2.74552,1
1,49.63828,2.74586,1
1,49.63855,2.74623,1
1,49.63882,2.7466,1
1,49.63909,2.74696,1
1,49.63937,2.74736,1
1,49.63967,2.74776,1
1,49.63989,2.74803,1
1,49.6401,2.74827,1
1,49.64033,2.74849,1
1,49.64057,2.7487,1
1,49.64118,2.74918,1
1,49.64156,2.74948,1
1,49.64186,2.74972,1
1,49.64237,2.75011,1
1,49.64259,2.75028,1
1,49.64304,2.75064,1
1,49.64335,2.75087,1
1,49.64357,2.75101,1
1,49.64384,2.75117,1
1,49.64417,2.75131,1
1,49.6445,2.75142,1
1,49.64487,2.75149,1
1,49.64613,2.75171,1
1,49.64677,2.75183,1
1,49.64728,2.75192,1
1,49.64814,2.75208,1
1,49.64903,2.75224,1
1,49.64993,2.7524,1
1,49.65041,2.75249,1
1,49.65186,2.75275,1
1,49.65333,2.75301,1
1,49.6541,2.75315,1
1,49.65459,2.75326,1
1,49.65483,2.75335,1
1,49.65736,2.75452,1
1,49.65807,2.75486,1
1,49.6585,2.75505,1
1,49.65903,2.7553,1
1,49.65995,2.75569,1
1,49.66061,2.75597,1
1,49.66351,2.75708,1
1,49.66389,2.75722,1
1,49.66497,2.75762,1
1,49.66629,2.75813,1
1,49.66752,2.7586,1
1,49.66759,2.75865,1
1,49.66798,2.75882,1
1,49.66879,2.75912,1
1,49.66953,2.75948,1
1,49.66988,2.75978,1
1,49.67016,2.7601,1
1,49.67064,2.76074,1
1,49.67098,2.76122,1
1,49.67185,2.76241,1
1,49.67319,2.76431,1
1,49.67413,2.76564,1
1,49.67502,2.76689,1
1,49.67605,2.76836,1
1,49.67664,2.76918,1
1,49.6776,2.77055,1
1,49.67786,2.77091,1
1,49.67852,2.77183,1
1,49.67905,2.77259,1
1,49.67918,2.77277,1
1,49.67965,2.77347,1
1,49.68103,2.77541,1
1,49.68166,2.77634,1
1,49.68205,2.77702,1
1,49.68234,2.77756,1
1,49.68258,2.77806,1
1,49.68288,2.77873,1
1,49.68292,2.77878,1
1,49.68309,2.77909,1
1,49.68324,2.77931,1
1,49.68331,2.77939,1
1,49.68342,2.77949,1
1,49.68356,2.77959,1
1,49.68359,2.77957,1
1,49.68361,2.77956,1
1,49.68371,2.77956,1
1,49.68376,2.77959,1
1,49.68384,2.77966,1
1,49.68387,2.77972,1
1,49.68389,2.77977,1
1,49.68391,2.77984,1
1,49.68399,2.77997,1
1,49.68426,2.78011,1
1,49.68435,2.78018,1
1,49.68449,2.78038,1
1,49.68489,2.78109,1
1,49.68541,2.78211,1
1,49.68598,2.7832,1
1,49.6863,2.78381,1
1,49.68652,2.78418,1
1,49.68668,2.78444,1
1,49.68692,2.78475,1
1,49.68712,2.78496,1
1,49.68746,2.78529,1
1,49.68783,2.78568,1
1,49.68904,2.7869,1
1,49.68952,2.78735,1
1,49.6902,2.788,1
1,49.69029,2.78809,1
1,49.69046,2.78823,1
1,49.69086,2.78845,1
1,49.69171,2.78891,1
1,49.69238,2.78918,1
1,49.69273,2.78924,1
1,49.69306,2.78929,1
1,49.6937,2.78935,1
1,49.6943,2.7894,1
1,49.69446,2.78942,1
1,49.69491,2.78941,1
1,49.69545,2.7894,1
1,49.69575,2.78941,1
1,49.69584,2.78943,1
1,49.69608,2.78946,1
1,49.6967,2.78958,1
1,49.69749,2.78967,1
1,49.69782,2.78978,1
1,49.69796,2.78984,1
1,49.69809,2.78991,1
1,49.69811,2.79004,1
1,49.6981,2.79018,1
1,49.69809,2.79034,1
1,49.69793,2.79115,1
1,49.69792,2.79132,1
1,49.69794,2.79144,1
1,49.698,2.79164,1
1,49.69823,2.79228,1
1,49.69849,2.79299,1
1,49.69857,2.79317,1
1,49.69864,2.79337,1
1,49.69865,2.79342,1
1,49.69884,2.7936,1
1,49.69886,2.7936,1
1,49.69888,2.7936,1
1,49.69892,2.79365,1
1,49.69895,2.79377,1
1,49.69907,2.79389,1
1,49.69928,2.79409,1
1,49.69957,2.79428,1
1,49.70006,2.79443,1
1,49.70136,2.79483,1
1,49.70218,2.7951,1
1,49.70327,2.79544,1
1,49.70353,2.79553,1
1,49.70395,2.79568,1
1,49.70406,2.79565,1
1,49.70497,2.79587,1
1,49.7053,2.79593,1
1,49.70592,2.79604,1
1,49.70613,2.79608,1
1,49.70666,2.79617,1
1,49.70765,2.79643,1
1,49.70789,2.79648,1
1,49.70891,2.79664,1
1,49.70922,2.7967,1
1,49.70973,2.79682,1
1,49.71012,2.7969,1
1,49.71089,2.79703,1
1,49.71114,2.79715,1
1,49.71141,2.79729,1
1,49.71199,2.79755,1
1,49.71242,2.79775,1
1,49.71307,2.798,1
1,49.71378,2.79829,1
1,49.71533,2.79892,1
1,49.71575,2.79905,1
1,49.7167,2.79941,1
1,49.71749,2.79973,1
1,49.71788,2.79989,1
1,49.71821,2.80003,1
1,49.71918,2.80043,1
1,49.72065,2.80105,1
1,49.72127,2.80132,1
1,49.72231,2.80175,1
1,49.7231,2.80206,1
1,49.72389,2.80239,1
1,49.7248,2.8028,1
1,49.72495,2.80284,1
1,49.72528,2.80304,1
1,49.72574,2.8034,1
1,49.72604,2.80351,1
1,49.72648,2.80367,1
1,49.72686,2.80375,1
1,49.72742,2.8039,1
1,49.72896,2.80451,1
1,49.73024,2.80504,1
1,49.73774,2.80812,1
1,49.73902,2.80864,1
1,49.74179,2.80978,1
1,49.74202,2.80987,1
1,49.74402,2.8107,1
1,49.74636,2.81165,1
1,49.74675,2.81178,1
1,49.74698,2.81188,1
1,49.74724,2.81204,1
1,49.74749,2.81223,1
1,49.74776,2.81247,1
1,49.74786,2.81258,1
1,49.748,2.81245,1
1,49.74814,2.81235,1
1,49.7482,2.81234,1
1,49.74834,2.8124,1
1,49.74902,2.81271,1
1,49.74988,2.81309,1
1,49.75047,2.81334,1
1,49.75082,2.8135,1
1,49.75098,2.81356,1
1,49.75111,2.81356,1
1,49.75121,2.81352,1
1,49.75139,2.81338,1
1,49.75171,2.81312,1
1,49.75194,2.813,1
1,49.75209,2.81296,1
1,49.75238,2.81297,1
1,49.75261,2.81305,1
1,49.75278,2.81316,1
1,49.75297,2.81332,1
1,49.7532,2.81355,1
1,49.75341,2.81378,1
1,49.75351,2.8139,1
1,49.75391,2.81447,1
1,49.75418,2.81484,1
1,49.7543,2.81483,1
1,49.75457,2.81456,1
1,49.75505,2.81399,1
1,49.75526,2.81383,1
1,49.75543,2.81379,1
1,49.75557,2.81382,1
1,49.75595,2.81399,1
1,49.75641,2.81419,1
1,49.75717,2.81453,1
1,49.75783,2.81483,1
1,49.75861,2.81517,1
1,49.75927,2.81546,1
1,49.75977,2.81563,1
1,49.75984,2.81569,1
1,49.75998,2.81587,1
1,49.76012,2.81584,1
1,49.76043,2.81577,1
1,49.76092,2.81572,1
1,49.76241,2.81563,1
1,49.76278,2.81561,1
1,49.7631,2.81559,1
1,49.76334,2.81558,1
1,49.76349,2.81559,1
1,49.76364,2.81561,1
1,49.7638,2.81563,1
1,49.76397,2.81567,1
1,49.76419,2.81574,1
1,49.76481,2.81602,1
1,49.76657,2.81686,1
1,49.77019,2.8186,1
1,49.77303,2.81996,1
1,49.77357,2.82023,1
1,49.77388,2.82044,1
1,49.77432,2.82075,1
1,49.77485,2.82112,1
1,49.77548,2.82157,1
1,49.7763,2.82215,1
1,49.7768,2.82249,1
1,49.77724,2.8228,1
1,49.7777,2.82312,1
1,49.77803,2.82335,1
1,49.77843,2.82362,1
1,49.77882,2.8239,1
1,49.77932,2.82424,1
1,49.77984,2.82461,1
1,49.78062,2.82516,1
1,49.78114,2.82551,1
1,49.78264,2.82656,1
1,49.78295,2.8268,1
1,49.78327,2.82707,1
1,49.7839,2.82765,1
1,49.7845,2.82821,1
1,49.78522,2.82888,1
1,49.7858,2.82941,1
1,49.7866,2.83014,1
1,49.78697,2.83048,1
1,49.787,2.83055,1
1,49.78749,2.83102,1
1,49.78811,2.83157,1
1,49.78859,2.83205,1
1,49.78881,2.83224,1
1,49.78915,2.83253,1
1,49.78931,2.83267,1
1,49.78935,2.83268,1
1,49.79059,2.83381,1
1,49.79202,2.83514,1
1,49.7926,2.83567,1
1,49.79301,2.83604,1
1,49.79358,2.83656,1
1,49.79416,2.8371,1
1,49.79429,2.83721,1
1,49.7949,2.83778,1
1,49.79544,2.83827,1
1,49.79605,2.83883,1
1,49.79646,2.83922,1
1,49.79732,2.84,1
1,49.79999,2.84245,1
1,49.80076,2.84317,1
1,49.80127,2.84364,1
1,49.80176,2.84407,1
1,49.80196,2.84422,1
1,49.80251,2.84458,1
1,49.80297,2.84486,1
1,49.8035,2.84519,1
1,49.80396,2.84545,1
1,49.80422,2.84557,1
1,49.8045,2.84567,1
1,49.80475,2.84574,1
1,49.80503,2.84578,1
1,49.80521,2.8458,1
1,49.80569,2.84579,1
1,49.80647,2.84578,1
1,49.80684,2.84579,1
1,49.80698,2.84581,1
1,49.80715,2.84586,1
1,49.8073,2.8459,1
1,49.80788,2.84616,1
1,49.80839,2.84639,1
1,49.8087,2.84653,1
1,49.8097,2.84677,1
1,49.81029,2.84686,1
1,49.81068,2.84688,1
1,49.8113,2.84692,1
1,49.81272,2.84704,1
1,49.81341,2.84717,1
1,49.81373,2.84725,1
1,49.81426,2.84743,1
1,49.81454,2.84753,1
1,49.81659,2.8484,1
1,49.81703,2.84861,1
1,49.81726,2.84874,1
1,49.81748,2.84888,1
1,49.81764,2.849,1
1,49.8178,2.84913,1
1,49.81817,2.84946,1
1,49.81867,2.84993,1
1,49.8192,2.85043,1
1,49.82177,2.85288,1
1,49.82383,2.85484,1
1,49.82434,2.85533,1
1,49.82594,2.85684,1
1,49.82661,2.85747,1
1,49.82738,2.85823,1
1,49.82754,2.85841,1
1,49.82805,2.85901,1
1,49.82838,2.85943,1
1,49.82864,2.85977,1
1,49.82905,2.86026,1
1,49.82926,2.8605,1
1,49.82966,2.86087,1
1,49.83008,2.86123,1
1,49.83041,2.86146,1
1,49.83069,2.86166,1
1,49.83134,2.86209,1
1,49.83188,2.86246,1
1,49.83205,2.86259,1
1,49.83244,2.86291,1
1,49.83279,2.86319,1
1,49.83318,2.86357,1
1,49.83333,2.86375,1
1,49.8335,2.86393,1
1,49.83376,2.86437,1
1,49.83397,2.86484,1
1,49.83408,2.86498,1
1,49.83418,2.86509,1
1,49.83431,2.86521,1
1,49.83439,2.86527,1
1,49.83461,2.86538,1
1,49.83478,2.86541,1
1,49.83512,2.86547,1
1,49.83539,2.86549,1
1,49.83615,2.86552,1
1,49.83649,2.86555,1
1,49.83659,2.86558,1
1,49.83674,2.86565,1
1,49.83692,2.8658,1
1,49.83733,2.86617,1
1,49.83772,2.86651,1
1,49.83823,2.86695,1
1,49.83979,2.86833,1
1,49.84018,2.86865,1
1,49.84127,2.86961,1
1,49.84214,2.87037,1
1,49.84231,2.87052,1
1,49.84247,2.87067,1
1,49.84262,2.8708,1
1,49.84284,2.87101,1
1,49.84293,2.87114,1
1,49.84315,2.87151,1
1,49.84376,2.87265,1
1,49.84384,2.87276,1
1,49.84393,2.87285,1
1,49.84404,2.87294,1
1,49.84417,2.87299,1
1,49.84427,2.873,1
1,49.84438,2.873,1
1,49.84462,2.87292,1
1,49.84479,2.87287,1
1,49.84495,2.87283,1
1,49.84509,2.87282,1
1,49.84523,2.87284,1
1,49.84535,2.87288,1
1,49.84547,2.87295,1
1,49.84558,2.87303,1
1,49.84572,2.87316,1
1,49.84586,2.87333,1
1,49.84606,2.87356,1
1,49.84644,2.874,1
1,49.84673,2.87434,1
1,49.84694,2.87457,1
1,49.84707,2.8747,1
1,49.84719,2.87481,1
1,49.84735,2.87494,1
1,49.84755,2.87509,1
1,49.84777,2.87523,1
1,49.84798,2.87535,1
1,49.84826,2.87549,1
1,49.84859,2.8756,1
1,49.84889,2.87569,1
1,49.84904,2.87574,1
1,49.84928,2.87585,1
1,49.84949,2.87596,1
1,49.85045,2.87646,1
1,49.85102,2.87676,1
1,49.85634,2.87953,1
1,49.85656,2.87967,1
1,49.85674,2.8798,1
1,49.85693,2.87995,1
1,49.85712,2.88013,1
1,49.85738,2.88039,1
1,49.85917,2.88235,1
1,49.86027,2.88356,1
1,49.86081,2.88415,1
1,49.86162,2.88505,1
1,49.86228,2.88568,1
1,49.86293,2.88619,1
1,49.86353,2.88656,1
1,49.86387,2.88675,1
1,49.86444,2.88704,1
1,49.86483,2.88726,1
1,49.865,2.88738,1
1,49.86509,2.88747,1
1,49.86541,2.88775,1
1,49.86569,2.88806,1
1,49.86613,2.88863,1
1,49.86652,2.88914,1
1,49.86689,2.88955,1
1,49.86712,2.88976,1
1,49.86722,2.88982,1
1,49.86757,2.88996,1
1,49.86814,2.8902,1
1,49.86843,2.89038,1
1,49.86871,2.89058,1
1,49.86884,2.89069,1
1,49.86953,2.89121,1
1,49.87019,2.89172,1
1,49.87095,2.89226,1
1,49.87178,2.89282,1
1,49.87192,2.89291,1
1,49.87216,2.89307,1
1,49.87236,2.8932,1
1,49.8727,2.89348,1
1,49.87306,2.89378,1
1,49.87331,2.89395,1
1,49.87388,2.89424,1
1,49.87444,2.89452,1
1,49.8753,2.89495,1
1,49.87614,2.89537,1
1,49.87626,2.89541,1
1,49.87649,2.89542,1
1,49.87666,2.89535,1
1,49.87675,2.89529,1
1,49.8768,2.89528,1
1,49.87688,2.89534,1
1,49.87691,2.89541,1
1,49.87705,2.8955,1
1,49.87717,2.89555,1
1,49.87751,2.89563,1
1,49.87785,2.89563,1
1,49.87808,2.89563,1
1,49.8783,2.89566,1
1,49.87848,2.89573,1
1,49.87865,2.89588,1
1,49.87878,2.89604,1
1,49.87901,2.89645,1
1,49.8793,2.89698,1
1,49.87941,2.89718,1
1,49.87956,2.89712,1
1,49.8801,2.89706,1
1,49.88034,2.89698,1
1,49.88066,2.89681,1
1,49.88168,2.89618,1
1,49.88222,2.89585,1
1,49.88265,2.89559,1
1,49.8835,2.89509,1
1,49.8842,2.89467,1
1,49.88482,2.8943,1
1,49.88504,2.89418,1
1,49.88567,2.89381,1
1,49.88634,2.89341,1
1,49.88683,2.89312,1
1,49.88737,2.89279,1
1,49.88758,2.89266,1
1,49.88777,2.8925,1
1,49.88822,2.89193,1
1,49.88851,2.89159,1
1,49.88871,2.89141,1
1,49.88892,2.89134,1
1,49.88917,2.89135,1
1,49.88974,2.89155,1
1,49.89086,2.89191,1
1,49.8916,2.89214,1
1,49.89274,2.89252,1
1,49.89317,2.89265,1
1,49.89394,2.8929,1
1,49.89436,2.89302,1
1,49.89462,2.89306,1
1,49.8948,2.89302,1
1,49.89497,2.89292,1
1,49.89531,2.89269,1
1,49.89548,2.89259,1
1,49.89578,2.8925,1
1,49.89584,2.89248,1
1,49.8958,2.89198,1
1,49.89582,2.89169,1
1,49.89589,2.89144,1
1,49.89599,2.89126,1
1,49.89623,2.89118,1
1,49.89631,2.89106,1
1,49.89639,2.89082,1
1,49.89643,2.89057,1
1,49.89649,2.89069,1
1,49.89681,2.89065,1
1,49.89689,2.89064,1
1,49.89729,2.89062,1
1,49.89782,2.89056,1
1,49.89816,2.89052,1
1,49.8985,2.89049,1
1,49.89886,2.89047,1
1,49.89909,2.89047,1
1,49.89934,2.89052,1
1,49.89955,2.89061,1
1,49.90004,2.89081,1
1,49.90053,2.89102,1
1,49.90061,2.89108,1
1,49.90071,2.89117,1
1,49.90098,2.89137,1
1,49.90144,2.89161,1
1,49.902,2.89189,1
1,49.90245,2.89213,1
1,49.9029,2.89237,1
1,49.90332,2.89256,1
1,49.90371,2.89273,1
1,49.904,2.89284,1
1,49.90412,2.89287,1
1,49.90444,2.89292,1
1,49.90476,2.89296,1
1,49.90504,2.89298,1
1,49.90543,2.89301,1
1,49.90594,2.8931,1
1,49.90637,2.89319,1
1,49.90681,2.89327,1
1,49.90728,2.89334,1
1,49.90769,2.89339,1
1,49.90809,2.89342,1
1,49.90861,2.89348,1
1,49.90907,2.89354,1
1,49.90951,2.89359,1
1,49.90996,2.89366,1
1,49.91034,2.89372,1
1,49.91076,2.8938,1
1,49.91096,2.89386,1
1,49.91131,2.89397,1
1,49.91174,2.89416,1
1,49.91195,2.89426,1
1,49.91236,2.8945,1
1,49.91285,2.89478,1
1,49.91321,2.895,1
1,49.91356,2.89534,1
1,49.91389,2.89569,1
1,49.91438,2.89622,1
1,49.91453,2.89639,1
1,49.91509,2.89701,1
1,49.91568,2.89769,1
1,49.91658,2.89875,1
1,49.91726,2.89954,1
1,49.91787,2.90032,1
1,49.91859,2.90136,1
1,49.91917,2.90211,1
1,49.91965,2.90274,1
1,49.91998,2.90311,1
1,49.92019,2.90337,1
1,49.92045,2.90371,1
1,49.92049,2.90375,1
1,49.92054,2.90396,1
1,49.9206,2.90403,1
1,49.92062,2.90406,1
1,49.92066,2.90413,1
1,49.92089,2.90454,1
1,49.92114,2.90498,1
1,49.92127,2.90521,1
1,49.92138,2.90536,1
1,49.92156,2.90559,1
1,49.92186,2.90594,1
1,49.92236,2.90651,1
1,49.92272,2.90692,1
1,49.92291,2.90706,1
1,49.92371,2.90755,1
1,49.92386,2.90764,1
1,49.92391,2.90755,1
1,49.92416,2.90713,1
1,49.92424,2.90697,1
1,49.92429,2.90689,1
1,49.9252,2.90737,1
1,49.92539,2.90729,1
1,49.92565,2.90718,1
1,49.92576,2.90717,1
1,49.92595,2.90724,1
1,49.92605,2.90724,1
1,49.92613,2.9072,1
1,49.92624,2.90707,1
1,49.92653,2.90663,1
1,49.92662,2.90652,1
1,49.92672,2.90645,1
1,49.92689,2.90636,1
1,49.9272,2.9062,1
1,49.92735,2.90609,1
1,49.92745,2.90598,1
1,49.92772,2.90552,1
1,49.92787,2.90526,1
1,49.9281,2.90495,1
1,49.92845,2.90447,1
1,49.92888,2.9039,1
1,49.92927,2.90339,1
1,49.92962,2.90291,1
1,49.93004,2.90237,1
1,49.93046,2.90183,1
1,49.93076,2.90141,1
1,49.9311,2.90096,1
1,49.93142,2.9006,1
1,49.93174,2.90031,1
1,49.93212,2.89994,1
1,49.93252,2.89956,1
1,49.93278,2.89937,1
1,49.93314,2.89917,1
1,49.93318,2.89914,1
1,49.93324,2.89909,1
1,49.93329,2.89904,1
1,49.93334,2.89896,1
1,49.93341,2.89885,1
1,49.93348,2.89871,1
1,49.9336,2.89854,1
1,49.93365,2.89847,1
1,49.93376,2.89833,1
1,49.9339,2.89819,1
1,49.93403,2.8981,1
1,49.93445,2.89785,1
1,49.93489,2.89761,1
1,49.93506,2.89752,1
1,49.93519,2.89747,1
1,49.93523,2.89758,1
1,49.9353,2.89774,1
1,49.93551,2.89822,1
1,49.93555,2.89831,1
1,49.93551,2.89834,1
1,49.93542,2.89842,1
1,49.93536,2.89845,1
1,49.93523,2.89851,1
1,49.9352,2.89852,1
1,49.93517,2.89852,1
1,49.93512,2.89851,1
1,49.93506,2.89856,1
1,49.935,2.89864,1
1,49.93496,2.89872,1
1,49.93494,2.89879,1
1,49.93493,2.89885,1
1,49.93493,2.89893,1
1,49.93494,2.899,1
1,49.93497,2.89911,1
1,49.935,2.89918,1
1,49.93503,2.89924,1
1,49.93507,2.89928,1
1,49.93514,2.89933,1
1,49.93524,2.89935,1
1,49.93536,2.89936,1
1,49.9356,2.89934,1
1,49.93584,2.89934,1
1,49.93627,2.89937,1
1,49.93653,2.89941,1
1,49.93668,2.89947,1
1,49.93692,2.8996,1
1,49.93721,2.89976,1
1,49.93752,2.89994,1
1,49.93758,2.9,1
1,49.93766,2.9001,1
1,49.93776,2.90015,1
1,49.93787,2.90018,1
1,49.938,2.90022,1
1,49.93818,2.90032,1
1,49.9388,2.90072,1
1,49.93938,2.90109,1
1,49.94016,2.90157,1
1,49.94079,2.90199,1
1,49.9417,2.90257,1
1,49.94241,2.90301,1
1,49.94324,2.90357,1
1,49.94332,2.90362,1
1,49.9434,2.90362,1
1,49.94407,2.90367,1
1,49.9444,2.90369,1
1,49.94445,2.90376,1
1,49.94447,2.9038,1
1,49.94448,2.90385,1
1,49.94449,2.9039,1
1,49.94449,2.90398,1
1,49.94448,2.90411,1
1,49.94446,2.90423,1
1,49.94445,2.90432,1
1,49.94445,2.90436,1
1,49.94446,2.90438,1
1,49.94448,2.9044,1
1,49.94455,2.90446,1
1,49.94475,2.9046,1
1,49.94499,2.90474,1
1,49.94518,2.90483,1
1,49.94541,2.90499,1
1,49.94578,2.90523,1
1,49.94599,2.90535,1
1,49.94618,2.90546,1
1,49.94641,2.90542,1
1,49.94664,2.9055,1
1,49.9469,2.90568,1
1,49.94696,2.90573,1
1,49.94701,2.90581,1
1,49.94705,2.90591,1
1,49.94709,2.90603,1
1,49.94713,2.9061,1
1,49.94717,2.90614,1
1,49.94723,2.90619,1
1,49.94743,2.90634,1
1,49.94761,2.90646,1
1,49.94772,2.90652,1
1,49.94783,2.90662,1
1,49.94815,2.90695,1
1,49.94834,2.90717,1
1,49.94925,2.90833,1
1,49.9501,2.90973,1
1,49.95147,2.91226,1
1,49.95208,2.9134,1
1,49.95359,2.91621,1
1,49.95407,2.91705,1
1,49.95473,2.91826,1
1,49.95511,2.91898,1
1,49.9553,2.91927,1
1,49.95536,2.91924,1
1,49.9554,2.91923,1
1,49.95543,2.91923,1
1,49.95545,2.91924,1
1,49.95549,2.91928,1
1,49.95556,2.91936,1
1,49.95568,2.91946,1
1,49.95581,2.91954,1
1,49.95596,2.91964,1
1,49.95611,2.91976,1
1,49.95626,2.91989,1
1,49.95635,2.91995,1
1,49.95642,2.92002,1
1,49.95648,2.92009,1
1,49.95669,2.92047,1
1,49.95688,2.92082,1
1,49.95704,2.92098,1
1,49.95711,2.92099,1
1,49.95722,2.92098,1
1,49.95734,2.92097,1
1,49.9576,2.92094,1
1,49.95789,2.92089,1
1,49.95802,2.92086,1
1,49.95805,2.92107,1
1,49.95809,2.92162,1
1,49.9581,2.92202,1
1,49.95808,2.92378,1
1,49.95807,2.92419,1
1,49.95812,2.92442,1
1,49.95823,2.92481,1
1,49.95832,2.92514,1
1,49.9584,2.92533,1
1,49.96006,2.92471,1
1,49.96693,2.9221,1
1,49.97367,2.91957,1
1,49.97648,2.91855,1
1,49.98004,2.91723,1
1,49.98215,2.91645,1
1,49.98307,2.9161,1
1,49.9833,2.91602,1
1,49.98402,2.91576,1
1,49.98441,2.91561,1
1,49.98509,2.91536,1
1,49.98578,2.9151,1
1,49.98651,2.91483,1
1,49.98754,2.91443,1
1,49.9883,2.91415,1
1,49.98905,2.91387,1
1,49.9901,2.91349,1
1,49.99141,2.91299,1
1,49.99183,2.91283,1
1,49.99281,2.91247,1
1,49.99339,2.91225,1
1,49.99449,2.91184,1
1,49.99546,2.91148,1
1,49.99588,2.91132,1
1,49.99608,2.91125,1
1,49.99663,2.91105,1
1,49.99695,2.91092,1
1,49.99765,2.91067,1
1,49.99795,2.91057,1
1,49.99837,2.91042,1
1,49.99926,2.91009,1
1,49.99993,2.90983,1
1,50.00027,2.9097,1
1,50.00065,2.9096,1
1,50.0009,2.90958,1
1,50.00103,2.90957,1
1,50.00134,2.90958,1
1,50.0017,2.90965,1
1,50.00202,2.90972,1
1,50.0028,2.90991,1
1,50.00364,2.91011,1
1,50.00438,2.91028,1
1,50.00514,2.91041,1
1,50.00614,2.91059,1
1,50.00661,2.91067,1
1,50.00688,2.91072,1
1,50.0072,2.91077,1
1,50.00781,2.91088,1
1,50.00805,2.91093,1
1,50.00826,2.91099,1
1,50.00872,2.91113,1
1,50.00941,2.91135,1
1,50.00988,2.9115,1
1,50.01112,2.91191,1
1,50.0115,2.91198,1
1,50.01199,2.91203,1
1,50.01235,2.91204,1
1,50.01302,2.912,1
1,50.01409,2.91194,1
1,50.0141,2.91202,1
1,50.01414,2.91208,1
1,50.01485,2.91262,1
1,50.01591,2.91346,1
1,50.01688,2.91427,1
1,50.01758,2.91488,1
1,50.01847,2.91566,1
1,50.01883,2.91595,1
1,50.01914,2.91624,1
1,50.01972,2.91672,1
1,50.02017,2.91707,1
1,50.02025,2.91713,1
1,50.02049,2.91729,1
1,50.02093,2.91759,1
1,50.02156,2.91802,1
1,50.02226,2.91854,1
1,50.02287,2.91898,1
1,50.02292,2.91903,1
1,50.02348,2.91945,1
1,50.0241,2.9199,1
1,50.02472,2.92031,1
1,50.02536,2.92076,1
1,50.02615,2.92131,1
1,50.02639,2.92146,1
1,50.02651,2.92151,1
1,50.02678,2.9216,1
1,50.02721,2.92173,1
1,50.0273,2.92176,1
1,50.0277,2.92187,1
1,50.02815,2.92198,1
1,50.02828,2.92201,1
1,50.02847,2.92202,1
1,50.02881,2.92202,1
1,50.02917,2.92199,1
1,50.02982,2.92207,1
1,50.0307,2.9224,1
1,50.03174,2.92292,1
1,50.03235,2.92324,1
1,50.03273,2.92345,1
1,50.03291,2.9235,1
1,50.03331,2.92361,1
1,50.03386,2.92373,1
1,50.03444,2.92386,1
1,50.03491,2.92397,1
1,50.03522,2.92402,1
1,50.03561,2.92408,1
1,50.03624,2.92415,1
1,50.03694,2.92423,1
1,50.03762,2.92432,1
1,50.03833,2.92441,1
1,50.039,2.92451,1
1,50.03976,2.92461,1
1,50.04024,2.92467,1
1,50.04064,2.92471,1
1,50.04129,2.92477,1
1,50.04175,2.9248,1
1,50.042,2.92482,1
1,50.0423,2.92492,1
1,50.0428,2.92522,1
1,50.04304,2.92539,1
1,50.04325,2.92552,1
1,50.0436,2.92558,1
1,50.04376,2.92553,1
1,50.04411,2.92538,1
1,50.04426,2.92531,1
1,50.04441,2.92522,1
1,50.0445,2.92518,1
1,50.04499,2.92492,1
1,50.04543,2.92471,1
1,50.04571,2.92461,1
1,50.04582,2.9246,1
1,50.04589,2.9246,1
1,50.04622,2.92466,1
1,50.04665,2.92476,1
1,50.04709,2.92492,1
1,50.04744,2.925,1
1,50.04758,2.92502,1
1,50.04789,2.92503,1
1,50.04819,2.92508,1
1,50.04844,2.92516,1
1,50.04879,2.92532,1
1,50.04916,2.92553,1
1,50.04952,2.92575,1
1,50.04983,2.92602,1
1,50.05022,2.92639,1
1,50.05063,2.92675,1
1,50.05101,2.92707,1
1,50.05132,2.92727,1
1,50.05182,2.92756,1
1,50.0523,2.92785,1
1,50.05267,2.92804,1
1,50.05317,2.9282,1
1,50.05358,2.92827,1
1,50.05391,2.92826,1
1,50.05437,2.92817,1
1,50.05502,2.92797,1
1,50.05567,2.92779,1
1,50.05613,2.92772,1
1,50.05631,2.92781,1
1,50.05662,2.92815,1
1,50.05685,2.92846,1
1,50.05733,2.92921,1
1,50.05784,2.92999,1
1,50.0583,2.93066,1
1,50.05857,2.93104,1
1,50.05898,2.93015,1
1,50.05939,2.92936,1
1,50.05985,2.92856,1
1,50.05995,2.92832,1
1,50.06036,2.92733,1
1,50.06075,2.92643,1
1,50.06115,2.92568,1
1,50.06126,2.92556,1
1,50.06135,2.92555,1
1,50.06143,2.92561,1
1,50.06161,2.92588,1
1,50.06192,2.9264,1
1,50.06218,2.92679,1
1,50.06243,2.92705,1
1,50.06275,2.92727,1
1,50.06314,2.92743,1
1,50.0641,2.92773,1
1,50.06468,2.92791,1
1,50.06571,2.92823,1
1,50.06684,2.92858,1
1,50.06787,2.9289,1
1,50.06851,2.92909,1
1,50.06911,2.92927,1
1,50.06946,2.92934,1
1,50.0697,2.92933,1
1,50.06989,2.92929,1
1,50.07022,2.92919,1
1,50.07038,2.92916,1
1,50.0706,2.92918,1
1,50.07081,2.92927,1
1,50.07103,2.92945,1
1,50.07171,2.93005,1
1,50.07211,2.93034,1
1,50.07299,2.9309,1
1,50.07346,2.93122,1
1,50.07388,2.93149,1
1,50.0743,2.93176,1
1,50.0747,2.93202,1
1,50.07509,2.93229,1
1,50.07531,2.93244,1
1,50.07539,2.93252,1
1,50.07548,2.93262,1
1,50.07558,2.93288,1
1,50.07568,2.93325,1
1,50.07581,2.93359,1
1,50.07599,2.93389,1
1,50.07608,2.93395,1
1,50.07615,2.93395,1
1,50.07623,2.93392,1
1,50.07658,2.93362,1
1,50.07695,2.9333,1
1,50.07737,2.93296,1
1,50.07799,2.93247,1
1,50.07808,2.93244,1
1,50.07828,2.93252,1
1,50.07875,2.93272,1
1,50.07899,2.9328,1
1,50.07923,2.93285,1
1,50.07954,2.9329,1
1,50.07977,2.93296,1
1,50.08011,2.93311,1
1,50.08044,2.93329,1
1,50.08075,2.9335,1
1,50.081,2.93369,1
1,50.08128,2.9339,1
1,50.08183,2.93417,1
1,50.08224,2.93432,1
1,50.08252,2.93439,1
1,50.0827,2.93442,1
1,50.0829,2.93442,1
1,50.08321,2.93437,1
1,50.08338,2.93434,1
1,50.08357,2.93426,1
1,50.08386,2.93412,1
1,50.08404,2.93406,1
1,50.08426,2.93402,1
1,50.08463,2.93398,1
1,50.08522,2.93392,1
1,50.08619,2.93382,1
1,50.08672,2.93376,1
1,50.08694,2.93373,1
1,50.08714,2.93367,1
1,50.08745,2.93358,1
1,50.08789,2.93344,1
1,50.0881,2.93342,1
1,50.08839,2.93346,1
1,50.08868,2.93356,1
1,50.08895,2.93364,1
1,50.08973,2.93381,1
1,50.08988,2.9338,1
1,50.08997,2.9338,1
1,50.08997,2.93378,1
1,50.08998,2.93377,1
1,50.08999,2.93376,1
1,50.09,2.93375,1
1,50.09001,2.93374,1
1,50.09002,2.93373,1
1,50.09004,2.93374,1
1,50.09005,2.93374,1
1,50.09006,2.93375,1
1,50.09007,2.93376,1
1,50.09008,2.93377,1
1,50.09008,2.93379,1
1,50.09009,2.9338,1
1,50.09009,2.93381,1
1,50.09022,2.93383,1
1,50.09058,2.93389,1
1,50.09146,2.9339,1
1,50.09212,2.93391,1
1,50.09239,2.93388,1
1,50.09264,2.93384,1
1,50.09287,2.93377,1
1,50.09307,2.93369,1
1,50.09328,2.93358,1
1,50.09358,2.9334,1
1,50.094,2.93311,1
1,50.09425,2.933,1
1,50.09445,2.93296,1
1,50.09474,2.93297,1
1,50.09534,2.93305,1
1,50.09557,2.93315,1
1,50.09583,2.93334,1
1,50.096,2.93349,1
1,50.09616,2.9337,1
1,50.09633,2.93396,1
1,50.09668,2.93457,1
1,50.09686,2.93482,1
1,50.09694,2.93489,1
1,50.09701,2.93492,1
1,50.09714,2.93493,1
1,50.09731,2.93489,1
1,50.09744,2.93483,1
1,50.09789,2.93461,1
1,50.09839,2.93436,1
1,50.09877,2.93421,1
1,50.09892,2.93421,1
1,50.09964,2.93425,1
1,50.10095,2.93432,1
1,50.10213,2.93438,1
1,50.10248,2.93437,1
1,50.10269,2.93435,1
1,50.10322,2.93425,1
1,50.10357,2.93418,1
1,50.10395,2.93409,1
1,50.1048,2.9339,1
1,50.10638,2.93357,1
1,50.10732,2.93337,1
1,50.10763,2.93334,1
1,50.10775,2.93336,1
1,50.10789,2.9334,1
1,50.1083,2.93358,1
1,50.10892,2.93384,1
1,50.10994,2.93416,1
1,50.11046,2.93431,1
1,50.11063,2.93435,1
1,50.11094,2.93438,1
1,50.11133,2.93441,1
1,50.11148,2.93445,1
1,50.11175,2.93455,1
1,50.11202,2.93467,1
1,50.11295,2.93506,1
1,50.11447,2.93572,1
1,50.11616,2.93646,1
1,50.11708,2.93688,1
1,50.11723,2.93689,1
1,50.11731,2.93688,1
1,50.11746,2.93678,1
1,50.11793,2.93636,1
1,50.11885,2.93554,1
1,50.11978,2.93471,1
1,50.11987,2.93513,1
1,50.11994,2.93544,1
1,50.12038,2.93546,1
1,50.12072,2.93547,1
1,50.12087,2.93545,1
1,50.12103,2.9354,1
1,50.12113,2.93537,1
1,50.12173,2.93509,1
1,50.12199,2.93495,1
1,50.12279,2.93451,1
1,50.12301,2.93439,1
1,50.12328,2.93457,1
1,50.12391,2.93496,1
1,50.12478,2.93549,1
1,50.12524,2.93578,1
1,50.12556,2.93599,1
1,50.12607,2.9363,1
1,50.1266,2.93663,1
1,50.12683,2.93675,1
1,50.12716,2.93691,1
1,50.12747,2.93703,1
1,50.12806,2.93722,1
1,50.12864,2.93738,1
1,50.12875,2.9374,1
1,50.12908,2.93746,1
1,50.12934,2.93749,1
1,50.1295,2.93752,1
1,50.12972,2.93759,1
1,50.13028,2.93782,1
1,50.13071,2.938,1
1,50.13118,2.93822,1
1,50.13173,2.93848,1
1,50.13221,2.9387,1
1,50.13261,2.93888,1
1,50.13313,2.93914,1
1,50.13372,2.93943,1
1,50.13402,2.93958,1
1,50.13424,2.93969,1
1,50.13447,2.93983,1
1,50.13477,2.93998,1
1,50.13522,2.94021,1
1,50.13589,2.94053,1
1,50.13626,2.94067,1
1,50.1367,2.94081,1
1,50.13704,2.94089,1
1,50.13739,2.94094,1
1,50.13803,2.94099,1
1,50.13833,2.94103,1
1,50.13851,2.94107,1
1,50.13877,2.94117,1
1,50.13922,2.94134,1
1,50.13936,2.94148,1
1,50.13958,2.94147,1
1,50.13998,2.94156,1
1,50.14034,2.94169,1
1,50.14108,2.94206,1
1,50.14185,2.94243,1
1,50.14254,2.94274,1
1,50.14302,2.94293,1
1,50.14333,2.943,1
1,50.14375,2.94308,1
1,50.14414,2.94315,1
1,50.14477,2.94325,1
1,50.14548,2.94331,1
1,50.1459,2.94334,1
1,50.14622,2.94343,1
1,50.14664,2.94362,1
1,50.14708,2.94383,1
1,50.14737,2.94399,1
1,50.14779,2.9443,1
1,50.14818,2.94462,1
1,50.14855,2.945,1
1,50.14901,2.94551,1
1,50.14935,2.9459,1
1,50.14993,2.94658,1
1,50.15011,2.94675,1
1,50.15018,2.94676,1
1,50.15033,2.94703,1
1,50.15098,2.94776,1
1,50.15149,2.94835,1
1,50.15198,2.94892,1
1,50.15242,2.94945,1
1,50.15306,2.95032,1
1,50.15341,2.95081,1
1,50.15363,2.95117,1
1,50.15374,2.95141,1
1,50.15382,2.95163,1
1,50.15385,2.95173,1
1,50.1539,2.95192,1
1,50.15395,2.95215,1
1,50.15409,2.95264,1
1,50.15422,2.953,1
1,50.15437,2.95342,1
1,50.15463,2.95415,1
1,50.15484,2.95476,1
1,50.15516,2.95575,1
1,50.15565,2.95687,1
1,50.15579,2.95684,1
1,50.15604,2.95677,1
1,50.1569,2.95643,1
1,50.15694,2.95644,1
1,50.15697,2.95648,1
1,50.15698,2.9565,1
1,50.15727,2.9571,1
1,50.15733,2.95721,1
1,50.15737,2.95728,1
1,50.15747,2.95741,1
1,50.15766,2.95764,1
1,50.15796,2.95797,1
1,50.15838,2.95844,1
1,50.15848,2.95852,1
1,50.15855,2.95857,1
1,50.15859,2.95858,1
1,50.15897,2.95864,1
1,50.15902,2.95872,1
1,50.15914,2.959,1
1,50.15924,2.95906,1
1,50.15958,2.95936,1
1,50.16026,2.95984,1
1,50.16054,2.96004,1
1,50.16064,2.96012,1
1,50.16111,2.96057,1
1,50.16142,2.96087,1
1,50.16185,2.96129,1
1,50.16201,2.96147,1
1,50.16212,2.9616,1
1,50.16226,2.96182,1
1,50.16272,2.96255,1
1,50.16303,2.96302,1
1,50.16321,2.96328,1
1,50.16337,2.96349,1
1,50.16355,2.9637,1
1,50.16381,2.96398,1
1,50.16419,2.96434,1
1,50.16438,2.96451,1
1,50.165,2.96511,1
1,50.16586,2.96591,1
1,50.16622,2.96621,1
1,50.16655,2.96646,1
1,50.16707,2.96687,1
1,50.1683,2.96819,1
1,50.16891,2.96892,1
1,50.16963,2.96981,1
1,50.16988,2.97023,1
1,50.17012,2.97071,1
1,50.17071,2.97203,1
1,50.17095,2.97247,1
1,50.17111,2.97272,1
1,50.17124,2.9729,1
1,50.17161,2.97336,1
1,50.1718,2.97365,1
1,50.17236,2.97455,1
1,50.17275,2.97514,1
1,50.173,2.97548,1
1,50.17312,2.97566,1
1,50.17324,2.97586,1
1,50.1733,2.97598,1
1,50.17386,2.9773,1
1,50.17456,2.97837,1
1,50.17483,2.97877,1
1,50.17545,2.97968,1
1,50.17609,2.98059,1
1,50.17638,2.98106,1
1,50.17655,2.98131,1
1,50.1767,2.98145,1
1,50.17725,2.98171,1
1,50.17736,2.98177,1
1,50.17802,2.98212,1
1,50.17813,2.98216,1
1,50.17854,2.98222,1
1,50.17877,2.98196,1
1,50.17936,2.98173,1
1,50.17943,2.98172,1
1,50.17959,2.98172,1
1,50.18086,2.98212,1
1,50.18274,2.98277,1
1,50.18283,2.98279,1
1,50.1835,2.98283,1
1,50.18377,2.98295,1
1,50.18378,2.98323,1
1,50.18379,2.98343,1
1,50.1838,2.98354,1
1,50.18383,2.98363,1
1,50.18386,2.98377,1
1,50.18392,2.98394,1
1,50.18401,2.9841,1
1,50.18412,2.98428,1
1,50.18421,2.9844,1
1,50.18436,2.98453,1
1,50.18498,2.98497,1
1,50.18533,2.98528,1
1,50.18556,2.98553,1
1,50.1857,2.98572,1
1,50.18647,2.98715,1
1,50.18658,2.98738,1
1,50.18684,2.98815,1
1,50.18696,2.98852,1
1,50.18712,2.98887,1
1,50.18725,2.98908,1
1,50.18759,2.98953,1
1,50.18808,2.99013,1
1,50.18833,2.99055,1
1,50.18856,2.99102,1
1,50.18871,2.99139,1
1,50.18906,2.99221,1
1,50.18951,2.9925,1
1,50.18998,2.99275,1
1,50.19079,2.99304,1
1,50.19311,2.99401,1
1,50.19478,2.99472,1
1,50.19685,2.99561,1
1,50.19833,2.99632,1
1,50.19858,2.99642,1
1,50.19869,2.99644,1
1,50.19927,2.99644,1
1,50.20091,2.99649,1
1,50.20197,2.99799,1
1,50.20254,2.99892,1
1,50.20257,2.99894,1
1,50.2029,2.99928,1
1,50.20304,2.99941,1
1,50.20315,2.99946,1
1,50.20326,2.99948,1
1,50.20337,2.99946,1
1,50.20354,2.99939,1
1,50.20374,2.99928,1
1,50.20394,2.9992,1
1,50.20428,2.99914,1
1,50.20538,2.999,1
1,50.20594,2.99891,1
1,50.20645,2.99876,1
1,50.20702,2.99853,1
1,50.20776,2.99818,1
1,50.20843,2.99776,1
1,50.20877,2.99756,1
1,50.20944,2.99718,1
1,50.20999,2.99693,1
1,50.21079,2.99661,1
1,50.211,2.9965,1
1,50.21105,2.99646,1
1,50.21132,2.99628,1
1,50.21141,2.9962,1
1,50.21142,2.99616,1
1,50.21244,2.99559,1
1,50.21342,2.99447,1
1,50.21391,2.99387,1
1,50.21415,2.99352,1
1,50.21458,2.99267,1
1,50.21481,2.99218,1
1,50.21511,2.99236,1
1,50.21537,2.99273,1
1,50.21575,2.99336,1
1,50.21609,2.99387,1
1,50.21652,2.9945,1
1,50.21679,2.99488,1
1,50.21684,2.99497,1
1,50.21696,2.99523,1
1,50.2171,2.99549,1
1,50.21727,2.99571,1
1,50.21807,2.99677,1
1,50.21824,2.99708,1
1,50.21837,2.99737,1
1,50.21862,2.99782,1
1,50.21876,2.99805,1
1,50.2188,2.99812,1
1,50.21891,2.99832,1
1,50.21906,2.99866,1
1,50.21953,2.99966,1
1,50.22008,3.00079,1
1,50.22119,3.00311,1
1,50.22181,3.00439,1
1,50.22254,3.00593,1
1,50.22322,3.00722,1
1,50.22338,3.00749,1
1,50.22405,3.00659,1
1,50.22413,3.00648,1
1,50.2242,3.00641,1
1,50.22424,3.00637,1
1,50.2243,3.00633,1
1,50.22435,3.00632,1
1,50.2249,3.00723,1
1,50.22514,3.00758,1
1,50.22523,3.00765,1
1,50.22532,3.0077,1
1,50.22544,3.00772,1
1,50.22554,3.00773,1
1,50.22565,3.00771,1
1,50.226,3.00762,1
1,50.22717,3.00731,1
1,50.22747,3.00725,1
1,50.22756,3.00724,1
1,50.22763,3.00723,1
1,50.22771,3.00722,1
1,50.22782,3.00722,1
1,50.22796,3.00723,1
1,50.22838,3.00726,1
1,50.2286,3.00729,1
1,50.22869,3.00732,1
1,50.22881,3.00735,1
1,50.22894,3.0074,1
1,50.22904,3.00744,1
1,50.22919,3.0075,1
1,50.22947,3.00764,1
1,50.22968,3.00777,1
1,50.22978,3.00783,1
1,50.22994,3.00793,1
1,50.23016,3.00802,1
1,50.23029,3.00805,1
1,50.23037,3.00806,1
1,50.23048,3.00807,1
1,50.23057,3.00806,1
1,50.2307,3.00804,1
1,50.23084,3.00801,1
1,50.23111,3.00796,1
1,50.23232,3.00775,1
1,50.2329,3.00765,1
1,50.23328,3.00758,1
1,50.23395,3.00746,1
1,50.23445,3.00734,1
1,50.23548,3.0071,1
1,50.2361,3.00698,1
1,50.23699,3.00684,1
1,50.23756,3.00676,1
1,50.23829,3.00676,1
1,50.23884,3.00682,1
1,50.24015,3.00718,1
1,50.24038,3.00706,1
1,50.24114,3.00665,1
1,50.2416,3.00652,1
1,50.24231,3.00635,1
1,50.24282,3.00634,1
1,50.24318,3.00645,1
1,50.24332,3.00652,1
1,50.24395,3.00694,1
1,50.24421,3.00715,1
1,50.24452,3.00761,1
1,50.24496,3.0083,1
1,50.24548,3.00911,1
1,50.2456,3.00896,1
1,50.24663,3.00743,1
1,50.24697,3.00687,1
1,50.24725,3.00627,1
1,50.24743,3.0057,1
1,50.24747,3.0056,1
1,50.24786,3.00581,1
1,50.24794,3.00584,1
1,50.24802,3.00584,1
1,50.24822,3.00579,1
1,50.2486,3.00561,1
1,50.24909,3.00557,1
1,50.24962,3.00564,1
1,50.24973,3.00557,1
1,50.2498,3.00546,1
1,50.25042,3.00436,1
1,50.25082,3.00368,1
1,50.25104,3.00329,1
1,50.25164,3.00401,1
1,50.25183,3.00437,1
1,50.25208,3.00509,1
1,50.25217,3.00509,1
1,50.25249,3.00511,1
1,50.25413,3.00507,1
1,50.25481,3.00498,1
1,50.25545,3.00483,1
1,50.25613,3.00462,1
1,50.25666,3.00437,1
1,50.25986,3.00236,1
1,50.26012,3.0022,1
1,50.26032,3.00208,1
1,50.26051,3.00195,1
1,50.2612,3.00149,1
1,50.26152,3.00123,1
1,50.26214,3.00058,1
1,50.26268,2.99994,1
1,50.26336,2.99923,1
1,50.26503,2.99756,1
1,50.26542,2.99719,1
1,50.26575,2.99698,1
1,50.26604,2.99684,1
1,50.26641,2.99675,1
1,50.26738,2.99675,1
1,50.26922,2.99679,1
1,50.27062,2.99685,1
1,50.27084,2.99696,1
1,50.27091,2.997,1
1,50.2712,2.99727,1
1,50.27131,2.99741,1
1,50.27145,2.99767,1
1,50.27187,2.99841,1
1,50.27202,2.99863,1
1,50.2722,2.99883,1
1,50.27237,2.99891,1
1,50.27262,2.99889,1
1,50.27307,2.99867,1
1,50.27362,2.99838,1
1,50.2738,2.99824,1
1,50.27399,2.99809,1
1,50.27477,2.99742,1
1,50.27592,2.9967,1
1,50.27664,2.99626,1
1,50.27786,2.99558,1
1,50.27796,2.99552,1
1,50.27831,2.99532,1
1,50.27847,2.99523,1
1,50.2804,2.99408,1
1,50.28205,2.99311,1
1,50.28222,2.99302,1
1,50.28333,2.99238,1
1,50.28396,2.99202,1
1,50.28449,2.99171,1
1,50.2855,2.99115,1
1,50.28613,2.99188,1
1,50.28638,2.99213,1
1,50.28656,2.99229,1
1,50.28693,2.99256,1
1,50.28703,2.99261,1
1,50.28721,2.99263,1
1,50.28756,2.99259,1
1,50.28795,2.99256,1
1,50.28804,2.99258,1
1,50.28819,2.99269,1
1,50.28832,2.99283,1
1,50.28842,2.99298,1
1,50.28849,2.99306,1
1,50.28862,2.99322,1
1,50.28863,2.99321,1
1,50.28863,2.99319,1
1,50.28865,2.99319,1
1,50.28866,2.99318,1
1,50.28868,2.99319,1
1,50.28869,2.9932,1
1,50.2887,2.99321,1
1,50.28871,2.99322,1
1,50.28871,2.99324,1
1,50.28872,2.99326,1
1,50.28941,2.99351,1
1,50.29008,2.99369,1
1,50.29059,2.99374,1
1,50.291,2.99376,1
1,50.29148,2.99382,1
1,50.29179,2.99391,1
1,50.29237,2.99415,1
1,50.29404,2.99484,1
1,50.29459,2.99486,1
1,50.29494,2.9948,1
1,50.29602,2.99447,1
1,50.29804,2.99383,1
1,50.30004,2.99321,1
1,50.3024,2.99248,1
1,50.30289,2.99234,1
1,50.30444,2.99185,1
1,50.30622,2.9913,1
1,50.30712,2.99101,1
1,50.30767,2.99085,1
1,50.30923,2.99036,1
1,50.31133,2.9897,1
1,50.31156,2.98962,1
1,50.31282,2.98925,1
1,50.31368,2.98892,1
1,50.31499,2.98816,1
1,50.31582,2.98754,1
1,50.31627,2.98724,1
1,50.31668,2.98702,1
1,50.31768,2.98684,1
1,50.3182,2.98667,1
1,50.31883,2.9862,1
1,50.31909,2.98596,1
1,50.31975,2.9854,1
1,50.32055,2.98473,1
1,50.32112,2.98416,1
1,50.32212,2.98295,1
1,50.32288,2.982,1
1,50.32318,2.98163,1
1,50.32368,2.98098,1
1,50.32378,2.98087,1
1,50.32403,2.98066,1
1,50.32425,2.98059,1
1,50.32479,2.98054,1
1,50.32496,2.98053,1
1,50.32547,2.9805,1
1,50.32569,2.98049,1
1,50.3259,2.98048,1
1,50.32599,2.98048,1
1,50.32691,2.98038,1
1,50.32714,2.98035,1
1,50.32732,2.98037,1
1,50.32817,2.98046,1
1,50.32867,2.98044,1
1,50.32955,2.98029,1
1,50.33001,2.98031,1
1,50.33099,2.98048,1
1,50.33122,2.9805,1
1,50.33156,2.98048,1
1,50.33241,2.98023,1
1,50.3326,2.98007,1
1,50.33304,2.97966,1
1,50.33322,2.97946,1
1,50.33324,2.97934,1
1,50.33322,2.97924,1
1,50.33319,2.97915,1
1,50.33378,2.97948,1
1,50.33457,2.97972,1
1,50.33539,2.98049,1
1,50.33572,2.9808,1
1,50.33615,2.98121,1
1,50.33739,2.9824,1
1,50.33765,2.98264,1
1,50.3379,2.98293,1
1,50.33796,2.9829,1
1,50.33816,2.98282,1
1,50.33902,2.98285,1
1,50.34038,2.98284,1
1,50.34108,2.98279,1
1,50.34175,2.98267,1
1,50.34287,2.98247,1
1,50.34338,2.98238,1
1,50.34428,2.98226,1
1,50.34562,2.98212,1
1,50.34636,2.98198,1
1,50.34781,2.98158,1
1,50.3491,2.98158,1
1,50.35103,2.98171,1
1,50.3534,2.98187,1
1,50.35434,2.98185,1
1,50.35505,2.98172,1
1,50.35775,2.9809,1
1,50.35883,2.98061,1
1,50.3596,2.98022,1
1,50.36029,2.97985,1
1,50.36077,2.97952,1
1,50.3614,2.97896,1
1,50.36199,2.97848,1
1,50.3628,2.97794,1
1,50.36296,2.97783,1
1,50.36404,2.97741,1
1,50.36422,2.97735,1
1,50.36527,2.97733,1
1,50.36571,2.97759,1
1,50.36581,2.97764,1
1,50.36608,2.97763,1
1,50.36647,2.97763,1
1,50.36662,2.97768,1
1,50.36703,2.97785,1
1,50.36752,2.97805,1
1,50.36774,2.97807,1
1,50.36826,2.9781,1
1,50.36824,2.97824,1
1,50.36812,2.97983,1
1,50.3681,2.9811,1
1,50.36812,2.98225,1
1,50.36814,2.98257,1
1,50.36817,2.98293,1
1,50.3686,2.98275,1
1,50.36973,2.98217,1
1,50.37063,2.98164,1
1,50.37121,2.98135,1
1,50.37181,2.98106,1
1,50.37257,2.98065,1
1,50.373,2.98048,1
1,50.37322,2.98038,1
1,50.37393,2.97993,1
1,50.37501,2.97935,1
1,50.37572,2.97896,1
1,50.37664,2.97845,1
1,50.37789,2.97754,1
1,50.37887,2.97679,1
1,50.37895,2.97677,1
1,50.379,2.9768,1
1,50.37944,2.97715,1
1,50.38082,2.97822,1
1,50.38221,2.97922,1
1,50.38388,2.98022,1
1,50.38498,2.9808,1
1,50.38512,2.9809,1
1,50.38519,2.98098,1
1,50.38524,2.98118,1
1,50.38537,2.98187,1
1,50.38543,2.98201,1
1,50.38553,2.98205,1
1,50.38565,2.98204,1
1,50.38593,2.98196,1
1,50.38609,2.98192,1
1,50.38628,2.98186,1
1,50.38652,2.98178,1
1,50.38675,2.98169,1
1,50.38697,2.98163,1
1,50.38709,2.98163,1
1,50.38728,2.98167,1
1,50.38756,2.98174,1
1,50.3878,2.98181,1
1,50.38808,2.98188,1
1,50.38837,2.98195,1
1,50.38856,2.98201,1
1,50.3888,2.98211,1
1,50.38907,2.98221,1
1,50.38933,2.98227,1
1,50.38948,2.9823,1
1,50.38971,2.98235,1
1,50.39001,2.9824,1
1,50.39037,2.98246,1
1,50.39071,2.98255,1
1,50.39104,2.9827,1
1,50.39131,2.98288,1
1,50.39164,2.98309,1
1,50.39203,2.98336,1
1,50.39224,2.98347,1
1,50.39237,2.98351,1
1,50.39252,2.98351,1
1,50.39265,2.9835,1
1,50.39286,2.98345,1
1,50.39308,2.98341,1
1,50.39317,2.9834,1
1,50.39327,2.98343,1
1,50.39345,2.98351,1
1,50.39368,2.98367,1
1,50.39386,2.98374,1
1,50.39396,2.98376,1
1,50.39407,2.98376,1
1,50.39418,2.98373,1
1,50.39435,2.98365,1
1,50.39453,2.98359,1
1,50.39465,2.98359,1
1,50.3949,2.98365,1
1,50.39516,2.98368,1
1,50.39548,2.98369,1
1,50.39574,2.9837,1
1,50.39591,2.98368,1
1,50.39628,2.98359,1
1,50.3964,2.98356,1
1,50.39647,2.9836,1
1,50.3965,2.98368,1
1,50.39666,2.98414,1
1,50.39672,2.98437,1
1,50.39711,2.98534,1
1,50.39718,2.98548,1
1,50.39743,2.98599,1
1,50.3982,2.98832,1
1,50.39837,2.98896,1
1,50.39858,2.99008,1
1,50.39875,2.99065,1
1,50.39911,2.99165,1
1,50.39934,2.99248,1
1,50.39948,2.99298,1
1,50.39981,2.9938,1
1,50.39993,2.99434,1
1,50.40002,2.995,1
1,50.4001,2.99565,1
1,50.40022,2.99633,1
1,50.40043,2.99721,1
1,50.40052,2.99741,1
1,50.40063,2.99754,1
1,50.40103,2.99792,1
1,50.40144,2.99984,1
1,50.4015,2.99973,1
1,50.40177,2.99939,1
1,50.40206,2.99912,1
1,50.40234,2.99894,1
1,50.40244,2.99891,1
1,50.40255,2.99895,1
1,50.40385,3.00007,1
1,50.40488,3.00077,1
1,50.40593,3.00138,1
1,50.40702,3.00222,1
1,50.40794,3.00286,1
1,50.40884,3.00338,1
1,50.40904,3.00348,1
1,50.40965,3.00371,1
1,50.40973,3.00376,1
1,50.41028,3.004,1
1,50.41083,3.00425,1
1,50.41104,3.00439,1
1,50.4113,3.00465,1
1,50.41157,3.00496,1
1,50.41171,3.00509,1
1,50.41195,3.00524,1
1,50.41279,3.00572,1
1,50.41305,3.00592,1
1,50.41338,3.0062,1
1,50.41367,3.00648,1
1,50.41429,3.00715,1
1,50.41455,3.00743,1
1,50.41475,3.00766,1
1,50.41495,3.00789,1
1,50.41518,3.0081,1
1,50.41568,3.0085,1
1,50.4159,3.00869,1
1,50.41613,3.00892,1
1,50.41624,3.00908,1
1,50.41654,3.00946,1
1,50.41685,3.00988,1
1,50.41723,3.01032,1
1,50.41757,3.01062,1
1,50.41785,3.0108,1
1,50.41807,3.01086,1
1,50.41814,3.0109,1
1,50.41822,3.01097,1
1,50.41845,3.01137,1
1,50.41852,3.01156,1
1,50.41863,3.01169,1
1,50.41873,3.01184,1
1,50.41873,3.01191,1
1,50.41874,3.01205,1
1,50.41878,3.01215,1
1,50.41885,3.01239,1
1,50.41892,3.01267,1
1,50.41903,3.0133,1
1,50.41906,3.01362,1
1,50.41907,3.01383,1
1,50.41906,3.01398,1
1,50.41904,3.0141,1
1,50.41902,3.0142,1
1,50.41902,3.01424,1
1,50.41903,3.01436,1
1,50.41906,3.01449,1
1,50.41909,3.01449,1
1,50.41914,3.01458,1
1,50.41913,3.01472,1
1,50.41955,3.01493,1
1,50.41978,3.01509,1
1,50.41997,3.01525,1
1,50.42086,3.0159,1
1,50.4211,3.01612,1
1,50.4212,3.01635,1
1,50.42119,3.01648,1
1,50.42122,3.01659,1
1,50.42129,3.01664,1
1,50.42132,3.01682,1
1,50.42133,3.01718,1
1,50.42127,3.01762,1
1,50.42127,3.01786,1
1,50.42132,3.01811,1
1,50.42142,3.01834,1
1,50.42156,3.01849,1
1,50.42163,3.01854,1
1,50.42188,3.01866,1
1,50.42255,3.01908,1
1,50.42272,3.01919,1
1,50.42301,3.0194,1
1,50.42331,3.01953,1
1,50.42402,3.0197,1
1,50.42471,3.01981,1
1,50.42507,3.0198,1
1,50.42508,3.01977,1
1,50.4251,3.01973,1
1,50.42516,3.01969,1
1,50.42523,3.01967,1
1,50.42531,3.01969,1
1,50.42538,3.01975,1
1,50.42541,3.01979,1
1,50.42544,3.01985,1
1,50.42639,3.02031,1
1,50.42683,3.0207,1
1,50.42743,3.0214,1
1,50.42807,3.02202,1
1,50.42842,3.02237,1
1,50.42865,3.0226,1
1,50.42869,3.02264,1
1,50.42879,3.02275,1
1,50.42888,3.02284,1
1,50.42895,3.02291,1
1,50.42921,3.02317,1
1,50.42956,3.02351,1
1,50.42997,3.02386,1
1,50.43067,3.02432,1
1,50.43134,3.02466,1
1,50.4318,3.02497,1
1,50.43225,3.02551,1
1,50.43259,3.02616,1
1,50.43276,3.02656,1
1,50.43288,3.02695,1
1,50.43292,3.02716,1
1,50.43301,3.02719,1
1,50.43309,3.02736,1
1,50.43311,3.02751,1
1,50.43327,3.02775,1
1,50.43344,3.02807,1
1,50.43385,3.02868,1
1,50.43416,3.02901,1
1,50.43487,3.02965,1
1,50.43616,3.03075,1
1,50.43623,3.03081,1
1,50.43652,3.0311,1
1,50.43739,3.03186,1
1,50.43763,3.03201,1
1,50.43825,3.03211,1
1,50.43826,3.03218,1
1,50.4383,3.03272,1
1,50.43921,3.03248,1
1,50.43941,3.03236,1
1,50.43948,3.03243,1
1,50.43954,3.03249,1
1,50.43962,3.03241,1
1,50.43985,3.03192,1
1,50.4399,3.03198,1
1,50.44001,3.03204,1
1,50.4403,3.03197,1
1,50.44046,3.03215,1
1,50.44065,3.03182,1
1,50.44076,3.03197,1
1,50.44095,3.03204,1
1,50.44137,3.03194,1
1,50.44169,3.03177,1
1,50.44185,3.03209,1
1,50.44208,3.03234,1
1,50.44232,3.03242,1
1,50.44255,3.03236,1
1,50.44292,3.032,1
1,50.4434,3.03311,1
1,50.44405,3.03208,1
1,50.44448,3.03165,1
1,50.44489,3.03154,1
1,50.44534,3.0316,1
1,50.44546,3.03163,1
1,50.44558,3.03166,1
1,50.44575,3.0317,1
1,50.44653,3.03191,1
1,50.44681,3.03204,1
1,50.44909,3.03346,1
1,50.44948,3.03376,1
1,50.44976,3.03416,1
1,50.44979,3.03425,1
1,50.45002,3.03406,1
1,50.45026,3.03392,1
1,50.45059,3.03384,1
1,50.45116,3.03381,1
1,50.45178,3.03376,1
1,50.45213,3.03365,1
1,50.45268,3.03366,1
1,50.45276,3.03368,1
1,50.45294,3.03306,1
1,50.45319,3.03247,1
1,50.45345,3.03177,1
1,50.45374,3.03121,1
1,50.45414,3.03056,1
1,50.45438,3.03012,1
1,50.4547,3.03044,1
1,50.45499,3.03061,1
1,50.4553,3.03087,1
1,50.45709,3.03263,1
1,50.45747,3.033,1
1,50.45761,3.03314,1
1,50.4578,3.03329,1
1,50.45806,3.03346,1
1,50.45911,3.03416,1
1,50.45928,3.03427,1
1,50.45966,3.03464,1
1,50.46065,3.03594,1
1,50.46092,3.03637,1
1,50.46108,3.03665,1
1,50.4612,3.03681,1
1,50.46141,3.037,1
1,50.46153,3.03707,1
1,50.46161,3.03709,1
1,50.46168,3.03711,1
1,50.46175,3.03714,1
1,50.46179,3.03718,1
1,50.4618,3.0372,1
1,50.46181,3.03721,1
1,50.46182,3.03722,1
1,50.46186,3.03727,1
1,50.46192,3.03741,1
1,50.462,3.03759,1
1,50.4621,3.03777,1
1,50.46218,3.03787,1
1,50.46239,3.03806,1
1,50.46265,3.03831,1
1,50.46322,3.03889,1
1,50.46475,3.04043,1
1,50.46663,3.04233,1
1,50.4679,3.04362,1
1,50.46862,3.04433,1
1,50.46939,3.04505,1
1,50.46972,3.04534,1
1,50.47,3.04553,1
1,50.47026,3.04571,1
1,50.47066,3.04595,1
1,50.47079,3.04603,1
1,50.47086,3.04605,1
1,50.47096,3.04604,1
1,50.471,3.04605,1
1,50.47109,3.04602,1
1,50.47118,3.04592,1
1,50.47128,3.04568,1
1,50.47149,3.04504,1
1,50.47165,3.04462,1
1,50.47185,3.04422,1
1,50.47207,3.04385,1
1,50.47234,3.04346,1
1,50.4727,3.04305,1
1,50.47325,3.04253,1
1,50.47538,3.04114,1
1,50.47607,3.0407,1
1,50.47849,3.03917,1
1,50.47938,3.03854,1
1,50.48054,3.03777,1
1,50.48211,3.03674,1
1,50.48224,3.03672,1
1,50.48264,3.0366,1
1,50.48341,3.03638,1
1,50.48396,3.03624,1
1,50.48463,3.03612,1
1,50.48475,3.0361,1
1,50.48525,3.03604,1
1,50.48571,3.03608,1
1,50.48592,3.0361,1
1,50.48599,3.0361,1
1,50.48608,3.03608,1
1,50.48612,3.03603,1
1,50.48629,3.03603,1
1,50.48636,3.03605,1
1,50.48642,3.03612,1
1,50.48648,3.03626,1
1,50.4865,3.03632,1
1,50.48682,3.03592,1
1,50.48703,3.03562,1
1,50.48708,3.03548,1
1,50.48713,3.03528,1
1,50.48728,3.03467,1
1,50.48731,3.03459,1
1,50.48735,3.03454,1
1,50.48739,3.03451,1
1,50.48744,3.03449,1
1,50.48751,3.03448,1
1,50.48786,3.03444,1
1,50.48892,3.03415,1
1,50.48905,3.03412,1
1,50.48919,3.03412,1
1,50.48949,3.03411,1
1,50.49025,3.03395,1
1,50.49061,3.03385,1
1,50.49095,3.03379,1
1,50.49134,3.03383,1
1,50.49247,3.03404,1
1,50.49303,3.03405,1
1,50.49338,3.03398,1
1,50.49386,3.03385,1
1,50.49421,3.03371,1
1,50.49462,3.0335,1
1,50.49489,3.03333,1
1,50.49522,3.0331,1
1,50.4957,3.03271,1
1,50.49605,3.03235,1
1,50.49629,3.03205,1
1,50.49672,3.03143,1
1,50.49735,3.03052,1
1,50.49781,3.02986,1
1,50.49811,3.02947,1
1,50.49863,3.02896,1
1,50.49913,3.02854,1
1,50.49995,3.02784,1
1,50.50016,3.02767,1
1,50.50052,3.02741,1
1,50.50133,3.02691,1
1,50.5019,3.02646,1
1,50.50236,3.02601,1
1,50.50248,3.02585,1
1,50.5031,3.02519,1
1,50.50344,3.02479,1
1,50.50417,3.02395,1
1,50.50454,3.02352,1
1,50.50477,3.02328,1
1,50.50552,3.02241,1
1,50.50595,3.02191,1
1,50.50639,3.02141,1
1,50.50659,3.02117,1
1,50.50668,3.02107,1
1,50.50692,3.02077,1
1,50.50722,3.02025,1
1,50.5075,3.01958,1
1,50.50784,3.01857,1
1,50.50798,3.01812,1
1,50.50809,3.01783,1
1,50.50814,3.0177,1
1,50.50866,3.01666,1
1,50.50883,3.01637,1
1,50.50897,3.01626,1
1,50.50914,3.01625,1
1,50.5098,3.01639,1
1,50.50996,3.01643,1
1,50.51168,3.0168,1
1,50.51339,3.01695,1
1,50.51346,3.01692,1
1,50.51438,3.01697,1
1,50.51473,3.0169,1
1,50.51549,3.01665,1
1,50.51605,3.01639,1
1,50.51633,3.0169,1
1,50.51647,3.01716,1
1,50.51692,3.0177,1
1,50.51692,3.01773,1
1,50.51692,3.01775,1
1,50.51693,3.01776,1
1,50.51694,3.0178,1
1,50.51695,3.01782,1
1,50.51696,3.01783,1
1,50.51698,3.01785,1
1,50.517,3.01786,1
1,50.51703,3.01786,1
1,50.51706,3.01785,1
1,50.51712,3.01792,1
1,50.51724,3.01806,1
1,50.51745,3.01821,1
1,50.51783,3.01862,1
1,50.51826,3.01906,1
1,50.51882,3.01961,1
1,50.51915,3.01995,1
1,50.5196,3.02059,1
1,50.51985,3.02081,1
1,50.5202,3.02099,1
1,50.52108,3.02117,1
1,50.5214,3.02129,1
1,50.52186,3.02156,1
1,50.52206,3.02171,1
1,50.52207,3.0217,1
1,50.52208,3.02171,1
1,50.5221,3.02171,1
1,50.5221,3.02173,1
1,50.52211,3.02174,1
1,50.52212,3.02175,1
1,50.52212,3.02176,1
1,50.52256,3.02183,1
1,50.52282,3.02187,1
1,50.52292,3.02185,1
1,50.52324,3.02166,1
1,50.52423,3.0211,1
1,50.52474,3.02087,1
1,50.52491,3.02082,1
1,50.52541,3.02076,1
1,50.52548,3.02078,1
1,50.52572,3.02079,1
1,50.526,3.02088,1
1,50.52603,3.02098,1
1,50.52606,3.02104,1
1,50.5261,3.02109,1
1,50.52614,3.02112,1
1,50.52619,3.02114,1
1,50.52623,3.02115,1
1,50.5263,3.02114,1
1,50.52637,3.02109,1
1,50.52641,3.02104,1
1,50.52646,3.02094,1
1,50.52659,3.0209,1
1,50.52681,3.02093,1
1,50.52699,3.02096,1
1,50.52742,3.02096,1
1,50.52798,3.02096,1
1,50.52834,3.02091,1
1,50.52883,3.02079,1
1,50.52917,3.02067,1
1,50.52958,3.02047,1
1,50.53009,3.02015,1
1,50.53048,3.01985,1
1,50.53215,3.01821,1
1,50.53232,3.01804,1
1,50.53249,3.01787,1
1,50.53284,3.01752,1
1,50.53325,3.01696,1
1,50.53355,3.01646,1
1,50.53363,3.01642,1
1,50.53403,3.016,1
1,50.53422,3.01596,1
1,50.53435,3.01605,1
1,50.53444,3.01607,1
1,50.53451,3.01605,1
1,50.53459,3.01599,1
1,50.53475,3.01583,1
1,50.53491,3.01582,1
1,50.53521,3.01604,1
1,50.5354,3.01619,1
1,50.53582,3.01657,1
1,50.53632,3.0171,1
1,50.53644,3.01723,1
1,50.53658,3.01734,1
1,50.53697,3.01763,1
1,50.53789,3.01813,1
1,50.53956,3.01901,1
1,50.54049,3.01958,1
1,50.54063,3.0197,1
1,50.54111,3.0201,1
1,50.54163,3.02059,1
1,50.54199,3.02093,1
1,50.54282,3.02185,1
1,50.54299,3.02206,1
1,50.54327,3.02241,1
1,50.54349,3.02271,1
1,50.54388,3.02322,1
1,50.54426,3.02366,1
1,50.54478,3.02431,1
1,50.54509,3.02472,1
1,50.54518,3.02485,1
1,50.54553,3.0253,1
1,50.54616,3.0261,1
1,50.54659,3.02665,1
1,50.54679,3.02683,1
1,50.547,3.02704,1
1,50.5476,3.0276,1
1,50.54882,3.02865,1
1,50.54907,3.02889,1
1,50.54945,3.02929,1
1,50.54975,3.02958,1
1,50.55007,3.02984,1
1,50.5503,3.03001,1
1,50.55055,3.03018,1
1,50.55116,3.03061,1
1,50.55143,3.03081,1
1,50.55208,3.03128,1
1,50.5527,3.03163,1
1,50.5531,3.03183,1
1,50.55347,3.03196,1
1,50.55405,3.03215,1
1,50.55436,3.03226,1
1,50.55489,3.03245,1
1,50.55535,3.03257,1
1,50.55614,3.03284,1
1,50.5565,3.03297,1
1,50.55669,3.03304,1
1,50.55682,3.03308,1
1,50.55728,3.03326,1
1,50.55747,3.03336,1
1,50.5576,3.03348,1
1,50.55763,3.03343,1
1,50.5577,3.03338,1
1,50.55777,3.03335,1
1,50.55786,3.03335,1
1,50.55793,3.03337,1
1,50.558,3.03343,1
1,50.55806,3.03351,1
1,50.5581,3.03362,1
1,50.55814,3.03379,1
1,50.55835,3.03401,1
1,50.55869,3.0344,1
1,50.56009,3.03633,1
1,50.5606,3.03706,1
1,50.56134,3.03801,1
1,50.56165,3.03841,1
1,50.56224,3.03912,1
1,50.56306,3.04002,1
1,50.56382,3.0408,1
1,50.56409,3.04102,1
1,50.56437,3.04121,1
1,50.56454,3.04135,1
1,50.56467,3.04145,1
1,50.56493,3.04165,1
1,50.56537,3.04199,1
1,50.56622,3.0426,1
1,50.5664,3.04266,1
1,50.56656,3.04278,1
1,50.56782,3.04368,1
1,50.56895,3.04445,1
1,50.56912,3.04456,1
1,50.57028,3.04529,1
1,50.57097,3.0457,1
1,50.57184,3.04624,1
1,50.57247,3.04663,1
1,50.57265,3.04671,1
1,50.57345,3.04722,1
1,50.57359,3.04737,1
1,50.57392,3.04759,1
1,50.57465,3.04799,1
1,50.57513,3.04818,1
1,50.57543,3.04833,1
1,50.57557,3.0484,1
1,50.576,3.04863,1
1,50.57641,3.04884,1
1,50.57723,3.04922,1
1,50.57761,3.0494,1
1,50.5785,3.04967,1
1,50.57899,3.04976,1
1,50.57906,3.04978,1
1,50.57949,3.04982,1
1,50.57979,3.04988,1
1,50.5801,3.04997,1
1,50.58033,3.05003,1
1,50.58073,3.05018,1
1,50.58197,3.05057,1
1,50.58298,3.0509,1
1,50.58336,3.05103,1
1,50.58359,3.05114,1
1,50.58381,3.05119,1
1,50.58426,3.05126,1
1,50.58464,3.05135,1
1,50.58491,3.05142,1
1,50.58505,3.05146,1
1,50.58539,3.05157,1
1,50.58576,3.05168,1
1,50.58597,3.05173,1
1,50.58659,3.05175,1
1,50.58696,3.0518,1
1,50.58718,3.05175,1
1,50.58732,3.0517,1
1,50.5877,3.05157,1
1,50.58876,3.05134,1
1,50.58925,3.05122,1
1,50.5895,3.05124,1
1,50.58955,3.05124,1
1,50.5899,3.05123,1
1,50.59016,3.05122,1
1,50.59074,3.05119,1
1,50.59092,3.05117,1
1,50.59159,3.05114,1
1,50.59182,3.05113,1
1,50.59206,3.0511,1
1,50.59255,3.05108,1
1,50.593,3.05108,1
1,50.59319,3.05108,1
1,50.59364,3.05109,1
1,50.5939,3.0511,1
1,50.59419,3.0511,1
1,50.59486,3.05111,1
1,50.5952,3.05112,1
1,50.59562,3.05112,1
1,50.59611,3.05115,1
1,50.59636,3.05117,1
1,50.59661,3.05119,1
1,50.59687,3.05122,1
1,50.59708,3.05127,1
1,50.5972,3.05136,1
1,50.59763,3.0517,1
1,50.5979,3.05188,1
1,50.59843,3.05229,1
1,50.59909,3.05287,1
1,50.59959,3.05329,1
1,50.6004,3.05391,1
1,50.60054,3.05402,1
1,50.60081,3.05422,1
1,50.60114,3.05442,1
1,50.60174,3.05487,1
1,50.60204,3.05518,1
1,50.60275,3.05573,1
1,50.60331,3.05623,1
1,50.60434,3.05707,1
1,50.6048,3.05747,1
1,50.60546,3.05801,1
1,50.60584,3.05831,1
1,50.60605,3.05846,1
1,50.60634,3.05863,1
1,50.607,3.05898,1
1,50.60758,3.05929,1
1,50.60825,3.05969,1
1,50.60886,3.06003,1
1,50.60924,3.06025,1
1,50.60952,3.06039,1
1,50.61023,3.06076,1
1,50.61108,3.06119,1
1,50.61131,3.06123,1
1,50.61199,3.06162,1
1,50.61227,3.06177,1
1,50.61269,3.06206,1
1,50.61311,3.06229,1
1,50.61339,3.06239,1
1,50.61367,3.06252,1
1,50.61413,3.0626,1
1,50.61439,3.0626,1
1,50.61455,3.06259,1
1,50.6149,3.0626,1
1,50.61533,3.06263,1
1,50.61558,3.06267,1
1,50.6159,3.06248,1
1,50.61605,3.0624,1
1,50.61627,3.06226,1
1,50.61655,3.06207,1
1,50.61676,3.06193,1
1,50.617,3.06176,1
1,50.61717,3.06162,1
1,50.61727,3.0615,1
1,50.6174,3.0613,1
1,50.61741,3.06133,1
1,50.61742,3.06137,1
1,50.61744,3.06142,1
1,50.6175,3.06149,1
1,50.61754,3.06152,1
1,50.61761,3.06154,1
1,50.61764,3.06153,1
1,50.61766,3.06153,1
1,50.61768,3.06152,1
1,50.61772,3.06149,1
1,50.61775,3.06146,1
1,50.61778,3.06143,1
1,50.6178,3.06139,1
1,50.61781,3.06134,1
1,50.61783,3.06128,1
1,50.61803,3.06123,1
1,50.61951,3.06121,1
1,50.61962,3.06121,1
1,50.62026,3.06081,1
1,50.62053,3.06066,1
1,50.62141,3.06016,1
1,50.62172,3.05997,1
1,50.62242,3.05956,1
1,50.6235,3.05895,1
1,50.62455,3.05838,1
1,50.62599,3.05753,1
1,50.62695,3.05702,1
1,50.62768,3.05759,1
1,50.62835,3.05812,1
1,50.62847,3.05822,1
1,50.62865,3.05787,1
1,50.6292,3.05687,1
1,50.62935,3.05707,1
